name,team,teamSlug,role,pma,pfc,pmaRange,pfcRange,slot,expectedTitolarita,expectedFantamedia,roleMantra,idFantacalcio,lastThreeYearTitolarity,lastFiveYearVotoBase,lastFiveYearFantamedia,lastFiveYearTitolarity,lastYearVotoBase,lastYearFantamedia,lastYearTitolarity,lastFiveMatchesVotoBase,lastFiveMatchesFantamedia,lastFiveMatchesTitolarity,currentSeasonVotoBase,currentSeasonFantamedia,currentSeasonTitolarity,playerStatus,penaltyProbability,freeKickProbability,unavailableUntilRound,fasciaFc,fasciaFr,svinc,commentoFr,africaUntilRound,position,modulo,coach,commentoFrTeam,rientroIncerto,newArrival,calciomercato,updatedAt,dpfcpma
ADOPO,Cagliari,CAG,C,3,"2,3",2-5,2-3,7,92,"6,25",,4870,"6666,67",0,0,0,"5,83","5,88",10000,0,0,0,0,0,0,T,0,0,0,TitLowCost,TitLowCost,"37,4", ,0,6,0, , ,FALSE,FALSE,,2026-08-20T09:36:19.000Z,-1
BALDANZI,Genoa,GEN,C,"32,6","20,7",28-38,16-26,4,88,"6,47",,5823,"5438,6",0,0,0,"6,15","6,38","4473,68",0,0,0,0,0,0,B,0,50,0,OttimoTit,OttimoTit,0,Il Genoa ha deciso di riscattarlo dalla Roma perché De Rossi crede nelle sue qualità. Listato centrocampista ma gioca o nei due dietro la punta o da seconda punta. Ottimo terzo/quarto slot.,0,9,0, , ,FALSE,FALSE,,2026-08-20T09:36:19.000Z,-12
BARELLA,Inter,INT,C,"71,8","61,8",66-78,50-75,2,92,"6,71",,1870,"9122,81","6,334","6,734","9210,53","6,28","6,71","8947,37",0,0,0,0,0,0,T,0,0,0,OttimoTit,OttimoTit,0,"Sempre presente, non sempre al meglio però quest'anno. Nonostante tutto ha segnato 3 gol e fornito 8 assist. Alle giuste cifre è un ottimo secondo/terzo slot.",0,6,0, , ,FALSE,FALSE,,2026-08-20T09:36:19.000Z,-10
BASTONI,Inter,INT,D,"58,8",48,54-65,36-60,1,92,"6,35",,2120,"7719,3","6,254","6,358","7789,47","6,2","6,34","7368,42",0,0,0,0,0,0,T,0,0,0,Semi-Top,Semi-Top,0,"Ha avuto un'annata travagliata da episodi che lo hanno messo al centro di diverse discussioni. Prima per il caso Kalulu e poi per il rosso in Nazionale. Voi dimenticate tutto, è uno dei migliori difensori della Serie A e non ci sono chiacchiere che tengono.",0,4,0, , ,FALSE,FALSE,,2026-08-20T09:36:19.000Z,-11
BELLANOVA,Atalanta,ATA,D,"13,6","16,8",11-18,13-21,4,76,"6,25",,4887,"8157,89","5,964","6,066","7105,26","5,82","5,82","5789,47",0,0,0,0,0,0,P,0,0,0,OttimoTit,OttimoTit,"3,7", ,0,2,0, , ,FALSE,FALSE,,2026-08-20T09:36:19.000Z,3
BIRAGHI,Torino,TOR,D,"2,6",1,3-4,1-2,8,52,"5,98",,252,"5263,16","5,878","5,972","6789,47","5,59","5,59","2894,74",0,0,0,0,0,0,P,0,0,0,Riserva,Riserva,"90,7", ,0,4,0, , ,FALSE,FALSE,,2026-08-20T09:36:19.000Z,-2
BREMER,Juventus,JUV,D,"61,6","53,7",57-67,41-68,1,92,"6,39",,2788,"5964,91","6,302","6,506","6894,74","6,33","6,81","6842,11",0,0,0,0,0,0,T,0,0,0,Semi-Top,Semi-Top,0,"Quando sta bene è dominante e non teme il confronto con nessuno. Difensore forte in marcatura e sulle palle alte. In zona offensiva, sugli sviluppi dei piazzati, è sempre tra i più pericolosi. Occhio solo agli infortuni, non strapagatelo.",0,3,0, , ,FALSE,FALSE,,2026-08-20T09:36:19.000Z,-8
BUONGIORNO,Napoli,NAP,D,"8,1","12,4",6-11,10-16,5,74,"6,23",,2724,"7280,7","6,108","6,158","7105,26","5,89","5,88","8421,05",0,0,0,0,0,0,T,0,0,8,Jolly,Jolly,"23,9",Buongiorno sì è operato al ginocchio e dovrebbe tornare disponibile nel giro di 3/4 mesi. Si possono fare altre scelte al fanta.,0,4,0, , ,FALSE,FALSE,,2026-08-20T09:36:19.000Z,4
CABAL,Juventus,JUV,D,"2,2",1,2-3,1-2,8,73,"5,96",,6039,"2982,46",0,0,0,"5,94","6,56","2368,42",0,0,0,0,0,0,P,0,0,0,Jolly,Jolly,"85,6", ,0,5,0, , ,FALSE,FALSE,In trattativa con il Bologna,2026-08-20T09:36:19.000Z,-1
CALHANOGLU,Inter,INT,C,"145,5","134,8",136-156,115-156,1,88,"7,13",,2194,"7192,98","6,41","7,234","7789,47","6,52","7,64","5789,47",0,0,0,0,0,0,T,70,60,0,Top,Top,0,Imprescindibile nel centrocampo nerazzurro e rigorista infallibile. Non serve aggiungere altro. Top di reparto.,0,7,0, , ,FALSE,FALSE,,2026-08-20T09:36:19.000Z,-11
CAMBIAGHI,Bologna,BOL,C,"6,9","5,5",5-10,5-7,7,80,"6,4",,4436,"6842,11",0,0,0,"5,98","6,42","6315,79",0,0,0,0,0,0,P,0,0,0,TitLowCost,TitLowCost,"14,6","Listato C diventa interessante, anche se comunque parte dietro nelle gerarchie.",0,11,0, , ,FALSE,FALSE,,2026-08-20T09:36:19.000Z,-1
CAMBIASO,Juventus,JUV,D,"41,2","53,9",37-46,41-68,1,88,"6,43",,5520,"8947,37","5,962","6,114","8315,79","5,81","5,99","9473,68",0,0,0,0,0,0,T,0,30,0,Semi-Top,Semi-Top,0,"Non bisogna fare l'errore di considerarlo ancora un top di reparto, purtroppo nelle ultime stagioni ha un po deluso. È sicuramente un buon acquisto, però pagato a cifre nettamente più basse rispetto alle ultime stagioni. Poi se dovesse tornare ai suoi livelli ben venga.",0,5,0, , ,FALSE,FALSE,,2026-08-20T09:36:19.000Z,13
CANCELLIERI,Lazio,LAZ,C,"13,9","14,6",10-19,11-19,5,80,"6,5",,5500,"7631,58","5,924","6,214","5157,89","5,93","6,29","7368,42",0,0,0,0,0,0,P,0,0,0,TitLowCost,TitLowCost,"2,4", ,0,9,0, , ,FALSE,FALSE,,2026-08-20T09:36:19.000Z,1
CARLOS AUGUSTO,Inter,INT,D,14,"31,8",12-17,24-40,2,80,"6,34",,5877,"7982,46",0,0,0,"6,12","6,16","7368,42",0,0,0,0,0,0,P,0,0,0,OttimoTit,OttimoTit,"1,7","La duttilità è il suo forte. Parte dietro nelle gerarchie, ma può essere utilizzato sia come vice Dimarco che come vice Bastoni. Per gli ultimi slot può risultare prezioso.",0,4,0, , ,FALSE,FALSE,,2026-08-20T09:36:19.000Z,18
CARNESECCHI,Atalanta,ATA,P,"106,1","89,4",99-115,72-108,1,91,"5,46",,4431,"8596,49",0,0,0,"6,36","5,58","9736,84",0,0,0,0,0,0,T,0,0,0,Semi-Top,Semi-Top,0,"Uno dei migliori portieri della scorsa stagione. Una vera e propria certezza sia per l'Atalanta che per i suoi fantallenatori. Sarà da capire con Sarri come reagirà la squadra essendo abituata a un altro assetto tattico, ma crediamo che le sue qualità siano fuori discussione.",0,1,0, , ,FALSE,FALSE,,2026-08-20T09:36:19.000Z,-17
CASALE,Bologna,BOL,D,"3,6",1,2-6,1-2,8,52,"5,94",,5498,"3859,65","5,762","5,702","5631,58","5,65","5,65","2631,58",0,0,0,0,0,0,P,0,0,0,Riserva,Riserva,"96,5", ,0,4,0, , ,FALSE,FALSE,,2026-08-20T09:36:19.000Z,-3
CATALDI,Lazio,LAZ,C,"2,3",1,2-3,1-2,7,82,"6,3",,333,"6403,51","6,02","6,154","6894,74","6,07","6,41","7105,26",0,0,0,0,0,0,B,10,20,0,TitLowCost,TitLowCost,"79,4", ,0,7,0, , ,FALSE,FALSE,,2026-08-20T09:36:19.000Z,-1
CELIK,Juventus,JUV,D,"19,8","16,6",17-24,13-21,5,78,"6,23",,4657,"6491,23",0,0,0,"6,17","6,27","8421,05",0,0,0,0,0,0,P,0,0,0,OttimoTit,OttimoTit,"1,1","Parte dietro nelle gerarchie, ma avrà spazio. La doppia competizione porta tanto dispendio di energie e ci sarà bisogno di tutti. Lo scorso anno ha disputato una buona stagione e Massara ha deciso di portarlo con sé in bianconero.",0,2,0, , ,FALSE,FALSE,,2026-08-20T09:36:19.000Z,-3
COLOMBO,Genoa,GEN,A,"78,4","83,6",70-88,67-101,2,92,"6,69",,4923,"8421,05",0,0,0,"5,92","6,41","9736,84",0,0,0,0,0,0,T,70,0,0,OttimoTit,OttimoTit,0,"Fisico e di posizione, bravo a giocare spalle alla porta e a fare da boa. Ha un buon fiuto del gol, conclude bene di sinistro e sa liberarsi in area. Non è un attaccante di purezza tecnica elevatissima, ma è efficace, robusto e capace di tenere palla per far salire la squadra. Con De Rossi e il modulo a due punte ha trovato maggiore spazio e continuità realizzativa.",0,11,0, , ,FALSE,FALSE,,2026-08-20T09:36:19.000Z,6
CRISTANTE,Roma,ROM,C,"12,9","11,7",10-17,9-15,5,86,"6,4",,779,"8947,37","6,076","6,202","9052,63","6,11","6,22","9736,84",0,0,0,0,0,0,T,0,0,0,TitLowCost,TitLowCost,"0,4","L’equilibrio e l’esperienza. Sa leggere il gioco, interdire e dare struttura alla mediana. Non è il più spettacolare, ma è fondamentale per l’organizzazione. Ottimo per non rimanere in 10.",0,6,0, , ,FALSE,FALSE,,2026-08-20T09:36:19.000Z,-1
DE KETELAERE,Atalanta,ATA,A,"102,1","90,7",92-113,73-109,2,90,"6,75",,5995,"8596,49",0,0,0,"6,21","6,6","8157,89",0,0,0,0,0,0,T,10,10,0,OttimoTit,OttimoTit,0,"Questo potrebbe essere l'anno della sua definitiva consacrazione. In questa stagione ha segnato poco, ma comunque abbiamo notato che è cresciuto tanto sotto il punto di vista della consapevolezza dei propri mezzi. Annata da doppia cifra? Difficile ma non impossibile.",0,9,0, , ,FALSE,FALSE,,2026-08-20T09:36:19.000Z,-11
DE ROON,Atalanta,ATA,C,"3,2",1,3-5,1-2,8,80,"6,25",,22,"8771,93","6,028","6,178","8631,58","5,97",6,"8947,37",0,0,0,0,0,0,P,0,0,0,TitLowCost,TitLowCost,"54,1",De Roon è stato sempre un perno nell'Atalanta. Però quest'anno con l'arrivo di Gaetano le cose potrebbero cambiare.,0,7,0, , ,FALSE,FALSE,,2026-08-20T09:36:19.000Z,-2
DE SILVESTRI,Bologna,BOL,D,"2,3",1,2-3,1-2,8,52,"5,97",,487,"3333,33","5,998","6,164","4315,79","6,05","5,95","2631,58",0,0,0,0,0,0,P,0,0,0,Riserva,Riserva,"97,6", ,0,2,0, , ,FALSE,FALSE,,2026-08-20T09:36:19.000Z,-1
DE WINTER,Milan,MIL,D,"2,5",1,2-4,1-2,8,64,"5,94",,5739,"6754,39",0,0,0,"5,75","5,9","6315,79",0,0,0,0,0,0,P,0,0,0,Riserva,Riserva,"66,3", ,0,2,0, , ,FALSE,FALSE,,2026-08-20T09:36:19.000Z,-2
DI GREGORIO,Juventus,JUV,P,"7,2",1,4-11,1-2,3,20,"4,64",,5876,"8421,05",0,0,0,"6,08","5,33","7894,74",0,0,0,0,0,0,P,0,0,0,Riserva,Riserva,"76,3", ,0,1,0, , ,FALSE,FALSE,La Juve lo vuole cedere dopo l'acquisto di Vicario,2026-08-20T09:36:19.000Z,-6
DI LORENZO,Napoli,NAP,D,"51,2","53,8",47-56,41-68,1,92,"6,39",,2816,"8684,21","6,152","6,368","8894,74","6,08","6,33","6842,11",0,0,0,0,0,0,T,0,0,0,Semi-Top,Semi-Top,0,Il capitano quest'anno potrebbe tornare nel suo ruolo naturale di terzino se Allegri dovesse continuare ad utilizzare il 433. Ottima notizia per i fantallenatori.,0,2,0, , ,FALSE,FALSE,,2026-08-20T09:36:19.000Z,3
DIMARCO,Inter,INT,D,"153,1","142,5",143-164,122-164,1,92,"6,96",,254,"8508,77","6,344","6,944","8157,89","6,6","7,64","9210,53",0,0,0,0,0,0,T,0,30,0,Top,Top,0,"Top di reparto, nulla da aggiungere.",0,9,0, , ,FALSE,FALSE,,2026-08-20T09:36:19.000Z,-10
DYBALA,Roma,ROM,A,"105,4","130,9",95-117,112-151,2,86,"6,97",,309,"5964,91","6,444","7,622","6368,42","6,26","6,74","5526,32",0,0,0,0,0,0,T,50,50,0,Semi-Top,Semi-Top,0,"È il giocatore più talentuoso della rosa e lo sappiamo bene tutti. Altrettanto bene sappiamo che gli infortuni per lui sono molto frequenti. Quando è in campo illumina, il problema è il numero di partite saltate. Occhio a non spendere troppo per lui, perché sulla carta è un Semitop ma nella realtà è più vicino ad una Scommessa.",0,10,0, , ,FALSE,FALSE,,2026-08-20T09:36:19.000Z,26
EDERSON D.S.,Atalanta,ATA,C,"50,9","58,3",46-57,47-70,2,92,"6,68",,5792,"8947,37","6,134","6,39","7947,37","6,25","6,43","7894,74",0,0,0,0,0,0,T,20,0,0,OttimoTit,OttimoTit,0,"Dopo che è sfumato il suo passaggio al Manchester United, ha deciso di firmare il rinnovo con l'Atalanta. Questo significa che sarà ancora centrale nel progetto e che il nuovo allenatore potrà far uscire ancora di più le sue qualità schierandolo da mezzala.",0,6,0, , ,FALSE,FALSE,,2026-08-20T09:36:19.000Z,7
FAGIOLI,Fiorentina,FIO,C,"7,6","9,7",6-11,8-13,6,88,"6,36",,4465,"5701,75",0,0,0,"6,03","6,23","8684,21",0,0,0,0,0,0,B,0,0,0,TitLowCost,TitLowCost,"4,8","Uno dei più positivi dello scorso anno nella Fiorentina. Dovrebbe continuare a svolgere il ruolo di play, ma quest'anno se la vedrà anche con Oulai per il quale Paratici ha deciso di destinare 30 milioni del budget che aveva a disposizione per il mercato.",0,7,0, , ,FALSE,FALSE,,2026-08-20T09:36:19.000Z,2
FALCONE,Lecce,LEC,P,"29,8","39,9",25-35,30-50,2,91,"5,07",,2134,10000,"6,324","4,992","8526,32","6,41","5,22",10000,0,0,0,0,0,0,T,0,0,0,OttimoTit,OttimoTit,"4,2",Garanzia di titolarità certa. Mai assente nelle ultime stagioni. Portiere low cost per eccellenza. Ottimo se preso come terzo slot per completare il reparto formato da un Top/Semitop e relativa riserva.,0,1,0, , ,FALSE,FALSE,,2026-08-20T09:36:19.000Z,10
FAZZINI,Cagliari,CAG,C,"20,2","19,5",17-24,15-25,4,90,"6,43",,6010,5000,0,0,0,"5,88","5,83","3157,89",0,0,0,0,0,0,T,10,70,0,OttimoTit,OttimoTit,0,Potrebbe essere un ottimo acquisto al fantacalcio questa stagione. Tanto potenziale e al Cagliari avrà la continuità che gli serve. Come quinto/sesto slot a cifre contenute si può scommettere su di lui.,0,8,0, , ,FALSE,FALSE,,2026-08-20T09:36:19.000Z,0
FERGUSON,Bologna,BOL,C,"7,3",10,5-10,8-13,6,92,"6,33",,5858,"5964,91",0,0,0,"5,8","5,78","6052,63",0,0,0,0,0,0,T,0,0,0,TitLowCost,TitLowCost,"6,6", ,0,6,0, , ,FALSE,FALSE,,2026-08-20T09:36:19.000Z,3
FRATTESI,Lazio,LAZ,C,"53,5","28,5",48-60,22-36,3,87,"6,55",,2848,"5701,75","6,104","6,552","7210,53","5,89","5,89","3684,21",0,0,0,0,0,0,T,0,0,0,OttimoTit,OttimoTit,"28,8","Vita nuova per Frattesi, che alla Lazio potrebbe tornare a essere un giocatore importante al Fantacalcio. Le sue capacità di inserimento sono fuori dubbio e quindi immaginiamo porterà diversi bonus.",0,6,0, , ,FALSE,FALSE,,2026-08-20T09:36:19.000Z,-25
GAETANO,Atalanta,ATA,C,"18,5","24,4",15-23,19-31,4,86,"6,53",,4364,"6666,67",0,0,0,"6,06","6,31","8421,05",0,0,0,0,0,0,T,0,40,0,OttimoTit,OttimoTit,0,"Nato trequartista, Pisacane lo ha reinventato regista. Proprio da regista ha attirato l'attenzione dell'Atalanta, dove Sarri lo vede perfetto per il suo modulo. Centrocampista che porterà ottimi voti e qualche bonus. Occhio all'hype però, potrebbero farvelo pagare più del dovuto.",0,7,0, , ,FALSE,FALSE,,2026-08-20T09:36:19.000Z,5
GALLO,Lecce,LEC,D,"8,6","9,6",7-11,8-12,6,92,"6,06",,4502,"8947,37",0,0,0,"5,95","5,99","9736,84",0,0,0,0,0,0,T,0,60,0,TitLowCost,TitLowCost,"0,6", ,0,5,0, , ,FALSE,FALSE,,2026-08-20T09:36:19.000Z,1
GATTI,Juventus,JUV,D,"3,8",1,3-6,1-2,8,52,"6,09",,5831,"6666,67",0,0,0,"5,94","6,22","4210,53",0,0,0,0,0,0,P,0,0,0,Riserva,Riserva,"54,3", ,0,4,0, , ,FALSE,FALSE,,2026-08-20T09:36:19.000Z,-3
GILA,Milan,MIL,D,"38,8","27,2",35-43,21-34,3,92,"6,19",,5833,"7368,42",0,0,0,"6,03","5,95","8157,89",0,0,0,0,0,0,T,0,0,0,OttimoTit,OttimoTit,0,"Acquisto fortemente voluto dai rossoneri. Può giocare sia da braccetto di destra che da centrale. Amorim lo ha voluto per la sua visone di gioco e per la sua velocità negli anticipi. Nella Lazio ha dimostrato gli ultimi anni di essere uno dei difensori più affidabili. Bonus pochi, e occhio all'hype che potrebbe alzarne di troppo la valutazione all'asta.",0,2,0, , ,FALSE,FALSE,,2026-08-20T09:36:19.000Z,-12
GOLLINI,Roma,ROM,P,"1,9",1,2-3,1-2,3,20,"5,13",,610,0,0,0,0,0,0,0,0,0,0,0,0,0,P,0,0,0,Riserva,Riserva,"4,4", ,0,1,0, , ,FALSE,FALSE,,2026-08-20T09:36:19.000Z,-1
HIEN,Atalanta,ATA,D,"6,5",1,5-9,1-2,8,64,"6,15",,6046,"6929,82",0,0,0,"5,91","5,86","7368,42",0,0,0,0,0,0,P,0,0,8,Riserva,Riserva,"29,9", ,0,3,0, , ,FALSE,FALSE,,2026-08-20T09:36:19.000Z,-6
ILIC,Torino,TOR,C,"1,8",1,2-3,1-2,8,43,"6,02",,5007,"4561,4","6,02","6,13","5736,84",6,"5,88","2105,26",0,0,0,0,0,0,P,0,0,0,Riserva,Riserva,"96,5", ,0,8,0, , ,FALSE,FALSE,,2026-08-20T09:36:19.000Z,-1
ISMAJLI,Torino,TOR,D,5,"12,5",4-7,10-16,5,90,"6,1",,5010,"6842,11","5,862","5,724","6315,79","5,92","5,9","6315,79",0,0,0,0,0,0,T,0,0,0,TitLowCost,TitLowCost,"19,5", ,0,3,0, , ,FALSE,FALSE,,2026-08-20T09:36:19.000Z,8
KALULU,Juventus,JUV,D,"46,3","48,7",42-52,37-61,1,92,"6,35",,4976,"6315,79","6,02","6,1","6736,84","6,14","6,35","9736,84",0,0,0,0,0,0,T,0,0,0,Semi-Top,Semi-Top,0,"Con Spalletti è tornato nella sua posizione di gioventù, ovvero quella di terzino. Ha collezionato ben 37 presenze, 2 gol e 4 assist. Spesso sottovalutato all'asta, quest'anno non fate questo errore.",0,2,0, , ,FALSE,FALSE,,2026-08-20T09:36:19.000Z,3
KEAN,Fiorentina,FIO,A,241,"247,3",223-260,223-273,1,92,"7,19",,2097,"6315,79","6,03","6,772","6315,79","5,88","6,77","6842,11",0,0,0,0,0,0,T,70,0,0,Semi-Top,Semi-Top,0,"Con tutta questa qualità alle sue spalle, pensiamo possa fare una grande stagione.",0,10,0, , ,FALSE,FALSE,Prottebbe andare al Como,2026-08-20T09:36:19.000Z,6
KOOPMEINERS,Juventus,JUV,C,"3,5","7,5",3-5,6-10,6,76,"6,47",,5685,"7982,46","6,136","6,646",8000,"5,64","5,55","7631,58",0,0,0,0,0,0,P,0,0,0,TitLowCost,TitLowCost,"47,9", ,0,7,0, , ,FALSE,FALSE,,2026-08-20T09:36:19.000Z,4
LAZZARI,Lazio,LAZ,D,"2,3",1,2-3,1-2,8,64,6,,2263,"5526,32","5,906","5,914","6105,26","5,79","5,74","4473,68",0,0,0,0,0,0,P,0,0,0,Riserva,Riserva,"94,5", ,0,2,0, , ,FALSE,FALSE,,2026-08-20T09:36:19.000Z,-1
LOBOTKA,Napoli,NAP,C,"11,4","9,9",9-15,8-13,6,88,"6,36",,4287,"8771,93","6,116","6,152","8368,42","6,05","6,1","8157,89",0,0,0,0,0,0,T,0,0,0,TitLowCost,TitLowCost,"1,5", ,0,7,0, , ,FALSE,FALSE,,2026-08-20T09:36:19.000Z,-1
LOCATELLI,Juventus,JUV,C,"14,9","15,2",12-19,12-19,5,92,"6,37",,827,"9298,25","6,118","6,188","8736,84","6,26","6,19","9473,68",0,0,0,0,0,0,T,10,20,0,TitLowCost,TitLowCost,"0,6","Ogni anno viene messo in discussione e ogni anno però gli allenatori puntano su di lui. Si può dire qualsiasi cosa, ma non che non sia un professionista esemplare. Va comunque acquistato a cifre contenute, perché porta pochissimi bonus.",0,6,0, , ,FALSE,FALSE,,2026-08-20T09:36:19.000Z,0
MAIGNAN,Milan,MIL,P,"106,7","100,5",98-116,81-121,1,91,"5,5",,4312,"9035,09","6,184","5,276","8263,16","6,26","5,42","9736,84",0,0,0,0,0,0,T,0,0,0,Top,Top,0,"Uno dei portieri più forti in Serie A. Lo scorso anno con Allegri, che curava molto la fase difensiva, è riuscito a portarsi a casa parecchi clean sheet. Quest'anno la musica potrebbe cambiare dato che Amorim è un allenatore più votato all'attacco piuttosto che alla fase difensiva. In linea generale è da considerarsi un semitop piuttosto che un top quest'anno.",0,1,0, , ,FALSE,FALSE,,2026-08-20T09:36:19.000Z,-6
MALDINI,Cagliari,CAG,A,"28,1","48,5",23-34,39-59,3,86,"6,55",,4896,"5350,88","6,11","6,694","4157,89","5,94","6,31","4736,84",0,0,0,0,0,0,T,20,0,0,OttimoTit,OttimoTit,"4,4",Al Cagliari sarà titolare e giocherà in una piazza che non gli porterà troppe pressioni. Potrebbe trovare un ambiente ideale che lo faccia definitivamente sbocciare.,0,10,0, , ,FALSE,FALSE,,2026-08-20T09:36:19.000Z,21
MALEH,Lecce,LEC,C,"2,9",1,3-4,1-2,8,52,"5,94",,5457,"6754,39","5,836","5,828","6368,42","5,69","5,71","5526,32",0,0,0,0,0,0,P,0,0,0,Riserva,Riserva,94, ,0,8,0, , ,FALSE,FALSE,,2026-08-20T09:36:19.000Z,-2
MANCINI,Roma,ROM,D,"54,1","61,1",49-60,49-74,1,92,"6,44",,2296,"9473,68","6,082","6,154","9263,16","6,25","6,51","9473,68",0,0,0,0,0,0,T,0,0,0,Semi-Top,Semi-Top,0,"Leader della retroguardia e della Roma in generale. È ormai un veterano tra i giallorossi e con l'allenatore che ha lanciato la sua carriera si è espresso su livelli ancora più alti. Prezioso. Si prende, anche pagandolo un prezzo più alto del previsto (senza fare follie ovviamente).",0,2,0, , ,FALSE,FALSE,,2026-08-20T09:36:19.000Z,7
MANDRAGORA,Fiorentina,FIO,C,"11,7","20,6",9-16,16-26,4,88,"6,47",,1933,"7982,46","6,072","6,376","7210,53","6,04","6,62","8947,37",0,0,0,0,0,0,B,0,70,0,OttimoTit,OttimoTit,"4,2",La scorsa stagione per lui è stata fantastica a livello di bonus: 7 gol e 3 assist. Leader in questa Fiorentina e anche se sono arrivati centrocampisti importanti crediamo che rimarrà uno dei punti cardine del centrocampo Viola.,0,8,0, , ,FALSE,FALSE,,2026-08-20T09:36:19.000Z,9
MARTINEZ L.,Inter,INT,A,"357,6","388,3",338-378,350-428,1,92,"7,54",,2764,"8245,61","6,412","8,12","8631,58","6,42","8,25","7894,74",0,0,0,0,0,0,T,10,0,0,Top,Top,0,Anche quest'anno sarà l'attaccante più pagato alle aste e non vediamo errori.,0,11,0, , ,FALSE,FALSE,,2026-08-20T09:36:19.000Z,30
MARUSIC,Lazio,LAZ,D,"6,5","12,6",5-9,10-16,5,90,"6,1",,2188,"8859,65","5,82","5,886","8789,47","5,86","5,97","8684,21",0,0,0,0,0,0,T,0,0,0,TitLowCost,TitLowCost,"8,4", ,0,2,0, , ,FALSE,FALSE,,2026-08-20T09:36:19.000Z,6
MAZZOCCHI,Napoli,NAP,D,"1,8",1,2-3,1-2,8,52,"6,01",,5481,"3859,65","5,866","5,904","5421,05","5,94","5,94","2368,42",0,0,0,0,0,0,P,0,0,0,Riserva,Riserva,"95,6", ,0,2,0, , ,FALSE,FALSE,,2026-08-20T09:36:19.000Z,-1
MERET,Napoli,NAP,P,"91,1","91,4",82-101,74-110,1,86,"5,51",,572,"6666,67","6,13","5,284","6157,89","6,23","5,18","2894,74",0,0,0,0,0,0,T,0,0,0,Top,Top,0,Allegri sembra aver deciso che quest'anno sarà lui il portiere titolare. Quindi niente più tormentone Meret/ Milinkovic come nella passata stagione. Con Allegri che punta sulla fase difensiva acquisisce ulteriore valore.,0,1,0, , ,FALSE,FALSE,,2026-08-20T09:36:19.000Z,0
MESSIAS,Genoa,GEN,C,"2,4",1,2-3,1-2,8,60,"6,24",,4970,"4561,4","6,072","6,46","5421,05","6,18","6,68",5000,0,0,0,0,0,0,P,0,10,0,Riserva,Riserva,90, ,0,7,0, , ,FALSE,FALSE,,2026-08-20T09:36:19.000Z,-1
MILINKOVIC-SAVIC V.,Napoli,NAP,P,"26,4","21,6",20-34,17-27,2,75,"5,14",,2170,"8771,93","6,134","5,216","8684,21","6,2","5,65","7105,26",0,0,0,0,0,0,P,0,0,0,TitLowCost,TitLowCost,0, ,0,1,0, , ,FALSE,FALSE,,2026-08-20T09:36:19.000Z,-4
MIRETTI,Juventus,JUV,C,"2,6",1,3-4,1-2,8,52,"6,13",,5813,"5263,16","5,938","6,108","4684,21","5,97","6,2","3947,37",0,0,0,0,0,0,P,0,0,0,Riserva,Riserva,82, ,0,9,0, , ,FALSE,FALSE,,2026-08-20T09:36:19.000Z,-2
MKHITARYAN,Inter,INT,C,"4,6",1,4-7,1-2,8,68,"6,28",,2529,"8421,05","6,196","6,546","8315,79","6,21","6,59","7368,42",0,0,0,0,0,0,P,0,0,0,Riserva,Riserva,"24,3", ,0,8,0, , ,FALSE,FALSE,,2026-08-20T09:36:19.000Z,-4
MORO N.,Bologna,BOL,C,"2,3",1,2-4,1-2,8,80,"6,29",,6054,"5350,88",0,0,0,"5,93","6,12","7368,42",0,0,0,0,0,0,B,0,0,0,TitLowCost,TitLowCost,"79,1", ,0,7,0, , ,FALSE,FALSE,,2026-08-20T09:36:19.000Z,-1
OLIVERA,Napoli,NAP,D,4,1,3-6,1-2,8,60,"6,05",,5840,"6491,23",0,0,0,"5,75","5,68","5789,47",0,0,0,0,0,0,P,0,0,0,Riserva,Riserva,"37,7", ,0,5,0, , ,FALSE,FALSE,,2026-08-20T09:36:19.000Z,-3
ORSOLINI,Bologna,BOL,C,"145,8","149,2",136-157,127-172,1,92,"7,16",,2167,"8245,61","6,19","7,182",8000,"6,06","6,76","8947,37",0,0,0,0,0,0,T,70,70,0,Top,Top,0,"Il Bologna vuole farne una bandiera e i fantallenatori sperano che quest'anno abbia il minutaggio che merita. Ha comunque segnato 10 gol, anche se ha sbagliato due rigori. Orsolini però non si discute e come sempre è un top del listone.",0,9,0, , ,FALSE,FALSE,,2026-08-20T09:36:19.000Z,3
PADELLI,Udinese,UDI,P,"1,8",1,2-3,1-2,3,20,"5,12",,543,0,0,0,0,"6,25","5,25","526,32",0,0,0,0,0,0,P,0,0,0,Riserva,Riserva,"57,6",Portiere che quando è in forma diventa impenetrabile. In questa Udinese così ben strutturata è una buona scelta come terzo slot.,0,1,0, , ,FALSE,FALSE,,2026-08-20T09:36:19.000Z,-1
PARISI,Fiorentina,FIO,D,"2,3",1,3-3,1-2,8,42,"5,89",,5449,"5614,04","5,952","5,966","6315,79","6,02","5,98","6052,63",0,0,0,0,0,0,P,0,0,12,Riserva,Riserva,"87,1", ,0,5,0, , ,FALSE,FALSE,,2026-08-20T09:36:19.000Z,-1
PASALIC,Atalanta,ATA,C,"13,1","26,6",10-17,20-34,3,76,"6,69",,2077,"8508,77","6,05","6,654","8526,32","5,94","6,27","8157,89",0,0,0,0,0,0,P,0,0,0,OttimoTit,OttimoTit,"2,4","Negli anni ai box di partenza viene sempre visto come una riserva. La realtà dei fatti però dimostra che è un giocatore sempre importante. Dove lo collocherà Sarri? Poco importa, perché lui è un jolly prezioso e come tale dovrete trattarlo all'asta. Niente follie, ma lo scorso hanno ha collezionato 33 presenze segnando 3 gol e fornendo 4 assist. Avrà comunque spazio.",0,8,0, , ,FALSE,FALSE,,2026-08-20T09:36:19.000Z,14
PATRIC,Lazio,LAZ,D,"1,9",1,2-3,1-2,8,51,"5,95",,327,"3245,61","5,886","5,944","3947,37","5,85","5,75","2631,58",0,0,0,0,0,0,P,0,0,1,Riserva,Riserva,"96,9", ,0,3,0, , ,TRUE,FALSE,,2026-08-20T09:36:19.000Z,-1
PELLEGRINI LU.,Lazio,LAZ,D,"2,2",1,2-3,1-2,8,69,"5,96",,2728,"5263,16","5,996","5,896","4210,53","5,85","5,81","6315,79",0,0,0,0,0,0,P,0,0,1,Jolly,Jolly,"92,7", ,0,5,0, , ,TRUE,FALSE,,2026-08-20T09:36:19.000Z,-1
PERIN,Juventus,JUV,P,"6,3",1,4-9,1-2,3,10,"5,14",,218,"1491,23","6,144","5,406","1736,84","6,11","5,11","2368,42",0,0,0,0,0,0,P,0,0,0,Riserva,Riserva,"4,8", ,0,1,0, , ,FALSE,FALSE,Vicino al Palermo,2026-08-20T09:36:19.000Z,-5
PICCOLI,Bologna,BOL,A,"31,9","49,6",26-39,40-60,3,84,"6,58",,4359,"8421,05","5,866","6,338","6315,79","5,78","6,24","7105,26",0,0,0,0,0,0,B,0,0,0,OttimoTit,OttimoTit,"20,4","Il Bologna ha speso circa 20 milioni per averlo, quindi crediamo che avrà il suo spazio. Sarà in ballottaggio con Dovbyk, dato che ricoprono lo stesso ruolo e che hanno caratteristiche simili.",0,10,0, , ,FALSE,FALSE,,2026-08-20T09:36:19.000Z,18
PINSOGLIO,Juventus,JUV,P,"1,8",1,2-2,1-2,2,37,"5,42",,1930,0,0,0,0,0,0,0,0,0,0,0,0,0,P,0,0,0,Riserva,Riserva,"73,2", ,0,1,0, , ,FALSE,FALSE,,2026-08-20T09:36:19.000Z,-1
POBEGA,Bologna,BOL,C,"2,9","7,3",3-4,6-10,6,88,"6,34",,5298,"4385,96","6,006","6,22",5000,"5,83","6,17","6052,63",0,0,0,0,0,0,B,0,0,0,TitLowCost,TitLowCost,"67,8", ,0,7,0, , ,FALSE,FALSE,,2026-08-20T09:36:19.000Z,4
POLITANO,Napoli,NAP,C,"44,8","47,4",39-52,38-57,3,88,"6,66",,536,"9385,96","6,148","6,542","8473,68","6,09","6,36","8684,21",0,0,0,0,0,0,T,10,20,0,OttimoTit,OttimoTit,0, ,0,9,0, , ,FALSE,FALSE,,2026-08-20T09:36:19.000Z,2
PONGRACIC,Fiorentina,FIO,D,"3,2",1,3-5,1-2,8,68,"5,93",,5603,"7719,3",0,0,0,"5,84","5,67","9210,53",0,0,0,0,0,0,P,0,0,0,Riserva,Riserva,"83,8", ,0,4,0, , ,FALSE,FALSE,,2026-08-20T09:36:19.000Z,-2
PROVEDEL,Inter,INT,P,"21,6","25,7",16-28,20-33,2,72,"5,23",,2814,"7543,86","6,198","4,99","8157,89","6,26","5,35","7105,26",0,0,0,0,0,0,B,0,0,0,TitLowCost,TitLowCost,0,"Provedel arriva in nerazzurro per essere il vice Martinez. I nerazzurri hanno investito molto su Martinez in passato e ora ritengono sia pronto per il ruolo da titolare. In ogni caso Chivu ha specificato che per lui non c'è un primo e un secondo portiere, quindi prendetelo assolutamente per tutelarvi se avrete acquistato Martinez.",0,1,0, , ,FALSE,FALSE,,2026-08-20T09:36:19.000Z,4
RANIERI L.,Fiorentina,FIO,D,"2,6",1,2-4,1-2,8,52,"5,89",,4378,"8070,18","5,916","5,894","6684,21","5,85","5,79","8157,89",0,0,0,0,0,0,P,0,0,0,Riserva,Riserva,"76,5", ,0,4,0, , ,FALSE,FALSE,,2026-08-20T09:36:19.000Z,-2
RASPADORI,Atalanta,ATA,A,"77,3","87,5",68-88,70-105,2,90,"6,74",,4371,"5614,04","6,05","6,73","6473,68","6,12","6,88","3421,05",0,0,0,0,0,0,T,0,0,0,OttimoTit,OttimoTit,0,"Quest'anno verrà schierato come esterno sinistro d'attacco. Posizione a lui congeniale, anche perché gli permette di accentrarsi e arrivare al tiro. Giocatore che potrebbe essere sottostimato all'asta, ma voi sappiate che potrebbe regalarvi diverse gioie.",0,11,0, , ,FALSE,FALSE,,2026-08-20T09:36:19.000Z,11
RICCI S.,Milan,MIL,C,"2,7",1,3-4,1-2,8,70,"6,04",,5453,"8070,18",6,"6,066","7894,74",6,"6,18","7368,42",0,0,0,0,0,0,P,0,0,0,Jolly,Jolly,82, ,0,6,0, , ,FALSE,FALSE,,2026-08-20T09:36:19.000Z,-2
ROMAGNOLI,Lazio,LAZ,D,7,1,5-10,1-2,8,52,"5,95",,460,"8070,18","6,008","5,984","7526,32","6,03","5,92","8421,05",0,0,0,0,0,0,P,0,0,0,Riserva,Riserva,13, ,0,4,0, , ,FALSE,FALSE,In trattiva con l'Atalanta,2026-08-20T09:36:19.000Z,-6
ROVELLA,Lazio,LAZ,C,"3,4",1,3-5,1-2,7,88,"6,26",,4459,"5701,75","6,032","5,998","5789,47","5,73","5,64","2894,74",0,0,0,0,0,0,B,0,0,0,TitLowCost,TitLowCost,"25,9", ,0,7,0, , ,FALSE,FALSE,,2026-08-20T09:36:19.000Z,-2
RRAHMANI,Napoli,NAP,D,"47,4","50,5",43-53,38-64,1,92,"6,36",,4409,"7807,02","6,144","6,338","7894,74","6,24","6,45","5526,32",0,0,0,0,0,0,T,0,0,0,Semi-Top,Semi-Top,0,Difensore di grande esperienza e di cui Allegri non si priverà assolutamente. Pericoloso sui calci piazzati ed è ormai uno dei punti cardine di questo Napoli. Al Fantacalcio si prende. Secondo slot.,0,3,0, , ,FALSE,FALSE,,2026-08-20T09:36:19.000Z,4
SAELEMAEKERS,Milan,MIL,C,"40,5","41,7",36-46,32-53,3,92,"6,56",,4892,"7631,58","6,106","6,514","7894,74","6,14","6,41","9210,53",0,0,0,0,0,0,T,0,0,0,OttimoTit,OttimoTit,0,"Che sia a destra o a sinistra una fascia sarà la sua. Avrà meno compiti difensivi e più offensivi, quindi potrebbe potenzialmente partecipare di più alla manovra d'attacco. Può essere un buon acquisto al fanta. Non a livello dei top o dei semitop, ma comunque sarà un ottimo titolare.",0,8,0, , ,FALSE,FALSE,,2026-08-20T09:36:19.000Z,1
SAMARDZIC,Atalanta,ATA,C,"67,1","47,1",61-75,36-59,3,86,"6,69",,5119,"7192,98","6,074","6,52","6684,21","5,93","6,29","5526,32",0,0,0,0,0,0,T,0,50,0,OttimoTit,OttimoTit,0,"Giocatore di grande qualità, che però non è riuscito a esprimersi con continuità. Sarri lo vede come mezzala, questo potrebbe creare grande hype intorno a lui. Occhio a non fare pazzie, perché come abbiamo scritto prima non eccelle in continuità.",0,8,0, , ,FALSE,FALSE,,2026-08-20T09:36:19.000Z,-20
SCALVINI,Atalanta,ATA,D,"28,1","31,2",25-33,24-39,2,90,"6,24",,5526,"5350,88","5,906","6,012","5631,58","6,06","6,44","6315,79",0,0,0,0,0,0,T,0,0,0,OttimoTit,OttimoTit,0,"Il ragazzo purtroppo durante la sua carriera ha subito diversi stop per problemi fisici. Anche se non è potuto essere sempre titolare, nella scorsa stagione ha segnato comunque 3 gol da difensore centrale e fornito 1 assist. Un ottimo titolare quando è in forma.",0,4,0, , ,FALSE,FALSE,,2026-08-20T09:36:19.000Z,3
SIMEONE,Torino,TOR,A,"127,5","122,9",115-141,105-142,2,90,"6,89",,2061,"5964,91","6,04","6,778","6052,63","6,08","7,09","8421,05",0,0,0,0,0,0,T,10,0,0,OttimoTit,OttimoTit,0,"Il bomber più prolifico del Toro della scorsa stagione. Mobile, cinico e intelligente nei movimenti. Vive di spazi, tagli e finalizzazione: un attaccante moderno e concreto. Al Torino ha trovato la sua dimensione dopo stagione da riserva nel Napoli. Puntateci anche quest'anno.",0,10,0, , ,FALSE,FALSE,,2026-08-20T09:36:19.000Z,-5
SKORUPSKI,Bologna,BOL,P,46,"49,2",40-53,37-62,1,91,"5,15",,133,"6754,39","6,192","5,082","7894,74","6,19","5,28","4736,84",0,0,0,0,0,0,T,0,0,0,OttimoTit,OttimoTit,0,"Dovrebbe essere ancora lui il titolare. Assicura sicuramente esperienza, anche se a volte qualche errorino lo commette. Tedesco gioca un calcio molto offensivo, questo potrebbe portare il Bologna a subire diversi gol. Portiere che va acquistato per pochi crediti.",0,1,0, , ,FALSE,FALSE,,2026-08-20T09:36:19.000Z,3
SPINAZZOLA,Napoli,NAP,D,31,"44,3",27-36,34-56,2,88,"6,36",,1852,"6666,67","6,124","6,264","5473,68","6,17","6,55","7894,74",0,0,0,0,0,0,T,0,10,0,Semi-Top,Semi-Top,0,"Ad Allegri piace affidarsi a giocatori esperti, quindi crediamo che Spinazzola sarà ancora un giocatore importante nel Napoli. Se dovesse essere confermato il 433 per il resto della stagione allora lui potrebbe essere il titolare nel ruolo di terzino, e magari alcune volte da esterno alto per garantire più equilibrio.",0,5,0, , ,FALSE,FALSE,,2026-08-20T09:36:19.000Z,13
SPORTIELLO,Atalanta,ATA,P,"1,9",1,2-3,1-2,3,20,"5,13",,4,"877,19","6,014","4,82","1578,95","5,5","4,5","263,16",0,0,0,0,0,0,P,0,0,0,Riserva,Riserva,"6,4", ,0,1,0, , ,FALSE,FALSE,,2026-08-20T09:36:19.000Z,-1
SULEMANA I.,Atalanta,ATA,C,"2,2",1,2-3,1-2,8,52,"6,02",,6024,"3771,93",0,0,0,"5,69","5,78","4736,84",0,0,0,0,0,0,P,0,0,0,Riserva,Riserva,"95,3", ,0,6,0, , ,FALSE,FALSE,,2026-08-20T09:36:19.000Z,-1
SVILAR,Roma,ROM,P,"121,5","105,5",113-131,85-127,1,91,"5,51",,5841,"7982,46",0,0,0,"6,26","5,45",10000,0,0,0,0,0,0,T,0,0,0,Top,Top,0,"Al vertice della piramide dei portieri della Serie A. Non è solo un “para-tutto”: sa costruire dal basso, distribuire palla e dare sicurezza alla difesa a tre di Gasperini. Leader silenzioso e affidabile. Miglior acquisto possibile in porta.",0,1,0, , ,FALSE,FALSE,,2026-08-20T09:36:19.000Z,-16
TERRACCIANO,Milan,MIL,P,"1,9",1,2-3,1-2,3,10,"5,19",,2815,"3333,33","6,082","5,186","5210,53",6,6,"526,32",0,0,0,0,0,0,P,0,0,0,Riserva,Riserva,"11,5", ,0,1,0, , ,FALSE,FALSE,,2026-08-20T09:36:19.000Z,-1
TOMORI,Milan,MIL,D,"4,3",1,3-6,1-2,8,52,"5,95",,4751,"6578,95","6,04","6,066","7315,79","5,97","5,88","8421,05",0,0,0,0,0,0,P,0,0,0,Riserva,Riserva,"50,7", ,0,2,0, , ,FALSE,FALSE,Fuori piano,2026-08-20T09:36:19.000Z,-3
VASQUEZ,Genoa,GEN,D,"21,9","11,6",19-26,9-15,6,92,"6,08",,5514,"9385,96","5,994","6,03","8315,79","6,08","6,14","9473,68",0,0,0,0,0,0,T,0,0,0,TitLowCost,TitLowCost,0,"Aggressivo, rapido nei movimenti e solido nei duelli (sia aerei che a terra). Sa giocare sia in una difesa a 3 che a 4, e ha buone qualità nella costruzione dal basso (passaggi corti precisi e conduzione). È un difensore “moderno” che non si limita a distruggere: intercetta, blocca e sa uscire dalla linea quando serve. Personalità, continuità e capacità di trascinare i compagni. Pericoloso sugli sviluppi dei piazzati.",0,4,0, , ,FALSE,FALSE,,2026-08-20T09:36:19.000Z,-10
VOJVODA,Udinese,UDI,D,"27,6","23,2",24-32,18-29,3,88,"6,19",,4994,"6578,95","5,946","6,056","6894,74","6,02","6,24","7105,26",0,0,0,0,0,0,B,0,10,0,OttimoTit,OttimoTit,0,Ottimo acquisto da parte dell'Udinese. Ha qualità sia nel cross che nel tiro. In una piazza come quella friulana potrebbe rilanciarsi e diventare ancora più importante al Fanta.,0,5,0, , ,FALSE,FALSE,,2026-08-20T09:36:19.000Z,-5
WALUKIEWICZ,Sassuolo,SAS,D,"2,8",1,2-4,1-2,8,92,"5,99",,4374,"7807,02","5,772","5,7","5473,68","5,81","5,74","8947,37",0,0,0,0,0,0,T,0,0,0,TitLowCost,TitLowCost,"39,9","Centrale o braccetto. Fisico, aggressivo e abile nel gioco aereo. Porta intensità e personalità, utile sia in fase difensiva che nelle palle inattive. Da ultimissimi slot a pochi crediti.",0,3,0, , ,FALSE,FALSE,,2026-08-20T09:36:19.000Z,-2
ZACCAGNI,Lazio,LAZ,C,"101,4","91,6",93-111,74-110,1,92,"6,89",,632,"7719,3","6,246","6,822","8052,63","5,88","5,96","6842,11",0,0,0,0,0,0,T,70,70,0,Semi-Top,Semi-Top,0,"È il capitano dei biancocelesti e deve essere il primo a dover dare di più rispetto alla scorsa stagione. La carica da rigorista è in bilico, ma in ogni caso i bonus può e deve portarli. Senza coppe può essere un grande acquisto questa stagione, anche perché in virtù del fatto che lo scorso hanno non ha reso, all'asta potrebbe andare via a cifre inferiori rispetto alle ultime stagioni.",0,11,0, , ,FALSE,FALSE,,2026-08-20T09:36:19.000Z,-9
ZALEWSKI,Atalanta,ATA,C,"8,4","10,1",6-12,8-13,6,76,"6,5",,5422,"6315,79","5,952","6,07","6157,89","6,1","6,4","8157,89",0,0,0,0,0,0,P,0,0,0,TitLowCost,TitLowCost,"11,9","Sarri per lui ha in mente un ruolo nuovo, ovvero quello di mezzala sinistra. Essendo molto duttile non è detto che a volte non possa anche ricoprire il ruolo di esterno d'attacco. Parte comunque dietro nelle gerarchie. Potete acquistarlo, ma il prezzo deve essere molto contenuto.",0,11,0, , ,FALSE,FALSE,,2026-08-20T09:36:19.000Z,2
ZAMBO ANGUISSA,Napoli,NAP,C,"34,6","20,7",29-41,16-26,4,78,"6,59",,4220,"7543,86","6,186","6,5","7631,58","6,17","6,86","4736,84",0,0,0,0,0,0,P,0,0,0,OttimoTit,OttimoTit,"0,4", ,0,6,0, , ,FALSE,FALSE,,2026-08-20T09:36:19.000Z,-14
ZANOLI,Udinese,UDI,D,"2,7",1,2-4,1-2,8,61,"6,12",,5527,"5614,04","5,942","6,014","4736,84","6,05","6,29",5000,0,0,0,0,0,0,B,0,0,8,Riserva,Riserva,"68,1", ,0,5,0, , ,FALSE,FALSE,,2026-08-20T09:36:19.000Z,-2
ZAPATA D.,Torino,TOR,A,"7,5","23,2",5-11,18-29,5,72,"6,53",,608,"5877,19","6,2","7,056","6052,63","5,83","6,13","6052,63",0,0,0,0,0,0,P,30,0,0,Jolly,Jolly,"6,4", ,0,11,0, , ,FALSE,FALSE,,2026-08-20T09:36:19.000Z,15
ZAPPACOSTA,Atalanta,ATA,D,"24,9","39,4",22-29,30-50,2,84,"6,36",,554,"8421,05","6,032","6,328","7789,47","6,06","6,3","9210,53",0,0,0,0,0,0,T,0,0,0,Semi-Top,Semi-Top,"0,2","Con Sarri non sarà più un quinto di centrocampo, ma verrà utilizzato come terzino. Resta un ottimo giocatore, però la propensione al bonus si abbassa. 3 gol e 3 assist lo scorso anno, non è certo che possa riconfermare questi numeri visto anche l'avanzare dell'età.",0,2,0, , ,FALSE,FALSE,,2026-08-20T09:36:19.000Z,14
ZIELINSKI,Inter,INT,C,"66,7","88,8",60-74,72-107,2,88,"6,93",,152,"6754,39","6,118","6,59","7789,47","6,25","6,8","7894,74",0,0,0,0,0,0,B,20,10,0,Semi-Top,Semi-Top,0,"Quando c'è stato bisogno di lui è salito in cattedra e ha dimostrato di essere un campione. Non è un titolare inamovibile, ma al fantacalcio è giusto puntarci. Non va strapagato, ma averlo in rosa ha senso.",0,8,0, , ,FALSE,FALSE,,2026-08-20T09:36:19.000Z,22
ZORTEA,Bologna,BOL,D,"15,9","17,8",13-20,14-23,4,88,"6,15",,4433,"7192,98","5,974","6,236","6315,79","5,86","5,89","7368,42",0,0,0,0,0,0,B,0,0,0,OttimoTit,OttimoTit,"0,4","Il passaggio da quinto di centrocampo a terzino arretrato lo ha sofferto e si è visto anche in termini di bonus. Resta comunque un giocatore di grande qualità, che può portarvi sporadicamente bonus. A cifre contenute può essere un buon acquisto. ",0,2,0, , ,FALSE,FALSE,,2026-08-20T09:36:19.000Z,2
CHUKWUEZE,Milan,MIL,C,"15,3","25,1",11-21,19-32,4,88,"6,51",,4856,"3245,61",0,0,0,"5,5","5,5","263,16",0,0,0,0,0,0,T,0,0,0,OttimoTit,OttimoTit,"11,5","Tornato dal prestito e Amorim sembra avere l'intenzione di schierarlo come quarto di centrocampo. Non ci fidiamo completamente di lui, dato che in Seri A non è mai riuscito a incidere. Come scommessa a pochissimi crediti può valerne la pena, ma se vedete che a causa dell'hype viene rialzato tanto allora virate su altri obiettivi.",0,5,0, , ,FALSE,TRUE,,2026-08-20T09:36:19.000Z,10
THURAM,Inter,INT,A,"268,3",318,248-290,287-350,1,92,"7,32",,4871,"8421,05",0,0,0,"6,43","7,95","7631,58",0,0,0,0,0,0,T,0,0,0,Top,Top,0,"La scorsa stagione è stato spesso assente a causa degli infortuni, ma quando è stato in forma ha dimostrato di poter fare la differenza in Serie A. Top di reparto anche lui.",0,10,0, , ,FALSE,FALSE,,2026-08-20T09:36:19.000Z,50
PULISIC,Milan,MIL,C,"144,4","142,4",134-156,122-164,1,88,"7,19",,2423,"8508,77",0,0,0,"6,15","7,07","7105,26",0,0,0,0,0,0,T,70,20,0,Top,Top,0,"Nella scorsa stagione è partito fortissimo, poi però il suo rendimento è drasticamente calato a causa degli infortuni. Nel 3421 di Amorim potrebbe giocare molto più vicino alla porta avversaria e quindi tornare a macinare bonus. Molto dipenderà dalla sua tenuta fisica, ma potenzialmente è un top di reparto.",0,9,0, , ,FALSE,FALSE,,2026-08-20T09:36:19.000Z,-2
GUDMUNDSSON A.,Fiorentina,FIO,C,"77,3",76,69-86,61-92,2,92,"6,77",,5800,"7719,3",0,0,0,"5,88","6,34","8421,05",0,0,0,0,0,0,T,20,10,0,OttimoTit,OttimoTit,0,"Deve riscattare l'annata negativa della passata stagione. Può giocare esterno d'attacco in questo nuovo 433, con la licenza di accentrarsi. In ogni caso non ci convince pienamente.",0,11,0, , ,FALSE,FALSE,,2026-08-20T09:36:19.000Z,-1
MARTINEZ JO.,Inter,INT,P,"102,6","97,2",94-112,78-117,1,82,"5,58",,5116,"4035,09",0,0,0,6,"5,2","1315,79",0,0,0,0,0,0,B,0,0,0,Top,Top,0, ,0,1,0, , ,FALSE,FALSE,,2026-08-20T09:36:19.000Z,-6
LOFTUS-CHEEK,Milan,MIL,C,"6,6",1,4-10,1-2,8,72,"6,15",,4199,"5964,91",0,0,0,"6,1","6,52","5526,32",0,0,0,0,0,0,P,0,0,0,Jolly,Jolly,"31,2", ,0,9,0, , ,FALSE,FALSE,,2026-08-20T09:36:19.000Z,-6
LUCCA,Napoli,NAP,A,8,1,5-12,1-2,6,52,"6,28",,6215,"6666,67",0,0,0,"5,72",6,"2368,42",0,0,0,0,0,0,P,0,0,0,Riserva,Riserva,"6,2", ,0,10,0, , ,FALSE,TRUE,Fuori dai piani,2026-08-20T09:36:19.000Z,-7
FOLORUNSHO,Napoli,NAP,C,"2,5",1,3-3,1-2,8,52,"6,22",,6252,"6315,79",0,0,0,"6,04","6,21","6842,11",0,0,0,0,0,0,P,0,0,0,Riserva,Riserva,"85,8", ,0,8,0, , ,FALSE,FALSE,,2026-08-20T09:36:19.000Z,-2
BEUKEMA,Napoli,NAP,D,"6,2",1,5-9,1-2,8,59,6,,6202,"7543,86",0,0,0,"5,93","6,16","5789,47",0,0,0,0,0,0,P,0,0,1,Riserva,Riserva,21, ,0,3,0, , ,TRUE,FALSE,,2026-08-20T09:36:19.000Z,-5
CAPRILE,Cagliari,CAG,P,"31,9","37,3",27-38,28-47,2,91,"5,05",,4360,"7280,7",0,0,0,"6,29","4,87",10000,0,0,0,0,0,0,T,0,0,0,OttimoTit,OttimoTit,"4,2","Caprile nel Cagliari non è solo il portiere, ma anche il play maker. Le azioni offensive dei sardi partono spesso da lui. Tra i pali quando è in giornata è insuperabile, anche se giocando in una squadra di bassa classifica possono capitare partite storte. In linea di massima però è un ottimo profilo da avere in rosa.",0,1,0, , ,FALSE,FALSE,,2026-08-20T09:36:19.000Z,5
N'DICKA,Roma,ROM,D,"40,1","45,2",36-45,34-57,2,92,"6,32",,4317,"8245,61",0,0,0,"6,08","6,32","8157,89",0,0,0,0,0,0,T,0,0,0,Semi-Top,Semi-Top,0,"Stagione pazzesca anche la sua, che ha attirato le attenzioni di tantissimi club. Ma Gasperini è stato chiaro: ""non si tocca"". Al Fanta è un ottimo acquisto. Semitop.",0,3,0, , ,FALSE,FALSE,,2026-08-20T09:36:19.000Z,5
DEIOLA,Cagliari,CAG,C,"2,4",1,2-3,1-2,8,86,"6,24",,1871,"5877,19",0,0,0,"5,98","5,95","5263,16",0,0,0,0,0,0,B,0,0,0,TitLowCost,TitLowCost,"88,2", ,0,7,0, , ,FALSE,FALSE,,2026-08-20T09:36:19.000Z,-1
ZAPPA,Cagliari,CAG,D,"3,2","14,5",3-5,11-19,5,88,"6,13",,4461,"8596,49",0,0,0,"5,9","5,98","6578,95",0,0,0,0,0,0,T,0,0,0,TitLowCost,TitLowCost,"62,7", ,0,5,0, , ,FALSE,FALSE,,2026-08-20T09:36:19.000Z,12
MARTIN,Genoa,GEN,D,"5,5",1,4-8,1-2,8,52,"5,98",,2593,"7456,14",0,0,0,"5,97","6,1","7631,58",0,0,0,0,0,0,P,0,0,0,Riserva,Riserva,"41,2", ,0,8,0, , ,FALSE,FALSE,"In rotta con la società causa contratto, giocherà poco",2026-08-20T09:36:19.000Z,-5
FABBIAN,Fiorentina,FIO,C,"2,2",1,2-3,1-2,8,56,"6,15",,6206,"5789,47",0,0,0,"5,8","6,05","5789,47",0,0,0,0,0,0,P,0,0,0,Riserva,Riserva,"88,5", ,0,6,0, , ,FALSE,FALSE,,2026-08-20T09:36:19.000Z,-1
BISSECK,Inter,INT,D,"31,6","36,7",27-37,28-46,2,80,"6,38",,6217,"5350,88",0,0,0,"6,22","6,65","6052,63",0,0,0,0,0,0,P,0,0,0,Semi-Top,Semi-Top,0,"È cresciuto molto nell'ultima stagione, diventando un giocatore importante per i nerazzurri. Oltre alle sue capacità difensive, gli va riconosciuta una certa pericolosità in zona offensiva.",0,2,0, , ,FALSE,FALSE,,2026-08-20T09:36:19.000Z,5
FRENDRUP,Genoa,GEN,C,"6,9",1,5-10,1-2,8,78,"6,23",,5791,"9473,68",0,0,0,"5,96","5,97","9473,68",0,0,0,0,0,0,B,0,20,0,TitLowCost,TitLowCost,"7,3","Box-to-box puro, con una grande energia e un’intensità difensiva alta. È specialista nei contrasti e nei recuperi palla (spesso tra i primi in Serie A per tackle e intercetti), legge benissimo le seconde palle e ha un tempismo eccellente. Dinamico e duttile, può giocare in diverse posizioni. Non porta tanti bonus, ma se cercate un centrocampista da buoni voti a basso costo può fare al caso vostro.",0,7,0, , ,FALSE,FALSE,Occhio al mercato su di lui. De Rossi non lo vede più come titolare,2026-08-20T09:36:19.000Z,-6
KAMARA H.,Udinese,UDI,D,"6,2","13,3",5-9,10-17,5,86,"6,13",,5555,"7631,58",0,0,0,"5,88","5,87","6842,11",0,0,0,0,0,0,T,0,0,0,TitLowCost,TitLowCost,"9,5", ,0,9,0, , ,FALSE,FALSE,,2026-08-20T09:36:19.000Z,7
KOLASINAC,Atalanta,ATA,D,4,1,3-6,1-2,8,64,"6,01",,2640,"6052,63",0,0,0,"6,03","5,94","4473,68",0,0,0,0,0,0,P,0,0,0,Riserva,Riserva,"46,1","Kolasinac oltre a non essere un titolare fisso, essendo sempre stato utilizzato da braccetto bisognerà capire come deciderà di utilizzarlo Sarri. Al fantacalcio però potete fare altre scelte per essere più coperti in difesa. Evitabile.",0,4,0, , ,FALSE,FALSE,,2026-08-20T09:36:19.000Z,-3
GINEITIS,Torino,TOR,C,"2,3",1,2-3,1-2,8,78,"6,29",,6170,"5701,75",0,0,0,"5,87","5,81","7105,26",0,0,0,0,0,0,P,0,10,0,TitLowCost,TitLowCost,"72,7", ,0,8,0, , ,FALSE,FALSE,,2026-08-20T09:36:19.000Z,-1
OBERT,Cagliari,CAG,D,"8,3","12,2",7-11,10-16,6,86,"6,12",,5701,"5789,47",0,0,0,"5,88","5,82","8947,37",0,0,0,0,0,0,T,0,0,0,TitLowCost,TitLowCost,"3,5","Acquisto da ultimi slot. Anche se è difensore e gioca da quinto di centrocampo, non possiamo chiamarlo bug. La propensione al bonus è troppo bassa.",0,9,0, , ,FALSE,FALSE,,2026-08-20T09:36:19.000Z,4
SABELLI,Genoa,GEN,D,"2,8",1,3-4,1-2,8,60,"5,91",,791,"6491,23",0,0,0,"5,81","5,65","3421,05",0,0,0,0,0,0,P,0,0,0,Riserva,Riserva,"95,1", ,0,5,0, , ,FALSE,FALSE,,2026-08-20T09:36:19.000Z,-2
ZARRAGA,Udinese,UDI,C,"1,9",1,2-3,1-2,8,52,"5,97",,6212,"3070,18",0,0,0,"5,75","5,7","2631,58",0,0,0,0,0,0,P,0,0,0,Riserva,Riserva,"98,2", ,0,7,0, , ,FALSE,FALSE,,2026-08-20T09:36:19.000Z,-1
KABASELE,Udinese,UDI,D,"4,9","5,6",4-7,5-7,7,84,"6,09",,4263,"4736,84",0,0,0,"5,98","6,18","7368,42",0,0,0,0,0,0,T,0,0,0,TitLowCost,TitLowCost,"28,8", ,0,2,0, , ,FALSE,FALSE,,2026-08-20T09:36:19.000Z,1
DI GENNARO,Inter,INT,P,"1,8",1,2-3,1-2,3,10,"4,38",,1926,0,0,0,0,6,5,"263,16",0,0,0,0,0,0,P,0,0,0,Riserva,Riserva,"46,8", ,0,1,0, , ,FALSE,FALSE,,2026-08-20T09:36:19.000Z,-1
SOMMARIVA,Genoa,GEN,P,2,1,2-3,1-2,3,10,"5,19",,219,0,0,0,0,"5,75","3,75","526,32",0,0,0,0,0,0,P,0,0,0,Riserva,Riserva,"92,5", ,0,1,0, , ,FALSE,FALSE,,2026-08-20T09:36:19.000Z,-1
SCAMACCA,Atalanta,ATA,A,"158,7","183,8",143-175,157-212,1,86,"7,11",,2137,0,0,0,0,"6,18","7,55","5789,47",0,0,0,0,0,0,T,50,0,0,Semi-Top,Semi-Top,0,Se sta bene il titolare è lui. Purtroppo nelle ultime stagioni ci ha abituati a un rendimento altalenante dovuto agli infortuni. Tecnicamente non si discute e con Sarri potrebbe fare davvero il salto di qualità. Infortuni permettendo potrebbe essere una grande stagione per lui.,0,10,0, , ,FALSE,FALSE,,2026-08-20T09:36:19.000Z,25
MUSAH,Milan,MIL,C,"3,2",1,3-4,1-2,8,60,"6,04",,5295,"5877,19",0,0,0,"5,94","6,09","4210,53",0,0,0,0,0,0,P,0,0,0,Riserva,Riserva,"96,5", ,0,7,0, , ,FALSE,FALSE,,2026-08-20T09:36:19.000Z,-2
MINA,Cagliari,CAG,D,"16,1","20,1",14-19,16-26,4,92,"6,14",,4210,"6315,79",0,0,0,6,"6,17","6842,11",0,0,0,0,0,0,T,40,0,0,OttimoTit,OttimoTit,"0,4", ,0,3,0, , ,FALSE,FALSE,,2026-08-20T09:36:19.000Z,4
VLASIC,Torino,TOR,C,"81,3","91,7",75-89,74-111,1,92,"6,89",,5687,"8771,93",0,0,0,"6,03","6,66","9736,84",0,0,0,0,0,0,T,60,70,0,Semi-Top,Semi-Top,0,"Il cervello offensivo. Trequartista/mezzala di classe, tecnico e decisivo. Ama inventare, calciare da fuori e arrivare in zona gol. È uno dei giocatori più importanti, oltre che essere il rigorista.",0,6,0, , ,FALSE,FALSE,,2026-08-20T09:36:19.000Z,11
MCKENNIE,Juventus,JUV,C,"59,2","47,6",54-66,39-58,3,82,"6,75",,4973,"8596,49","6,03","6,356","6947,37","6,13","6,68","8947,37",0,0,0,0,0,0,B,0,0,0,OttimoTit,OttimoTit,0,"Altro giocatore spesso sottovalutato all'asta, che però poi riesce sempre a ritagliarsi il suo spazio e a portare bonus. Spalletti ha saputo utilizzarlo al meglio e all'asta di riparazione di gennaio è stato uno dei pezzi pregiati. ",0,8,0, , ,FALSE,FALSE,,2026-08-20T09:36:19.000Z,-11
CONTINI,Napoli,NAP,P,"1,9",1,2-3,1-2,3,10,"5,34",,2845,0,0,0,0,0,0,0,0,0,0,0,0,0,P,0,0,0,Riserva,Riserva,"57,6", ,0,1,0, , ,FALSE,FALSE,,2026-08-20T09:36:19.000Z,-1
ISAKSEN,Lazio,LAZ,C,"25,9","35,2",21-32,27-44,3,90,"6,53",,6398,"7631,58",0,0,0,"6,04","6,63","7105,26",0,0,0,0,0,0,T,0,0,0,OttimoTit,OttimoTit,"0,2", ,0,9,0, , ,FALSE,FALSE,,2026-08-20T09:36:19.000Z,9
KABA,Lecce,LEC,C,"1,9",1,2-3,1-2,8,56,"6,02",,6410,"3947,37",0,0,0,"5,77","5,73","2894,74",0,0,0,0,0,0,P,0,0,0,Riserva,Riserva,"98,7", ,0,6,0, , ,FALSE,TRUE,,2026-08-20T09:36:19.000Z,-1
YILDIZ,Juventus,JUV,A,"209,3","226,2",194-226,204-249,1,92,"7,16",,6434,"7894,74",0,0,0,"6,39","7,3","9210,53",0,0,0,0,0,0,T,30,50,0,Semi-Top,Semi-Top,0,"È il numero 10 dei bianconeri, l'uomo da cui ripartire per provare a raggiungere gli obiettivi a cui ambisce la società. Tecnica di alto livello e superiore a tutta la rosa della Juventus. La passata stagione ha segnato 10 gol e fornito 6 assist. Numeri importanti.",0,10,0, , ,FALSE,FALSE,,2026-08-20T09:36:19.000Z,17
PRATI,Cagliari,CAG,C,"2,5",1,2-4,1-2,8,64,"5,99",,6424,"5964,91",0,0,0,"5,88","5,88","8421,05",0,0,0,0,0,0,P,0,0,0,Riserva,Riserva,"95,6", ,0,8,0, , ,FALSE,FALSE,,2026-08-20T09:36:19.000Z,-2
KRSTOVIC,Atalanta,ATA,A,"99,9","139,2",88-113,119-161,2,80,"7,1",,6435,"8947,37",0,0,0,"6,16","7,19","8421,05",0,0,0,0,0,0,P,20,0,0,Semi-Top,Semi-Top,0,"È ballottaggio aperto tra lui e Scamacca, ma crediamo che l'attaccante italiano se è in forma possa essere l'attaccante titolare. Krstovic avrà comunque tantissimo spazio, anche perché Scamacca a causa dei numerosi guai fisici non assicura la presenza in maniera continua. Anche da subentrante può portarvi diversi bonus. Alle giuste cifre può essere un affare.",0,10,0, , ,FALSE,FALSE,,2026-08-20T09:36:19.000Z,39
OKOYE,Udinese,UDI,P,"40,9","27,8",35-47,21-35,2,91,"5,01",,6462,"6666,67",0,0,0,"6,07","5,08","7894,74",0,0,0,0,0,0,T,0,0,0,OttimoTit,OttimoTit,"0,6", ,0,1,0, , ,FALSE,FALSE,,2026-08-20T09:36:19.000Z,-13
KRISTENSEN T.,Atalanta,ATA,D,"22,5","20,4",19-27,16-26,3,90,"6,16",,6485,"6578,95",0,0,0,"5,98","6,23","7368,42",0,0,0,0,0,0,T,0,0,0,OttimoTit,OttimoTit,"20,1", ,0,3,0, , ,FALSE,FALSE,,2026-08-20T09:36:19.000Z,-3
MANDAS,Lazio,LAZ,P,"45,5","52,8",38-54,40-66,1,80,"5,31",,6482,0,0,0,0,0,0,0,0,0,0,0,0,0,T,0,0,0,Semi-Top,Semi-Top,0,"È tornato dal prestito e Provedel è andato via. Il ruolo da titolare a oggi è il suo. Nelle sue stagioni passate alla Lazio ha spesso dimostrato di essere un portiere affidabile, molto però dipenderà da come verrà costruita la squadra. Eventuali defezioni nei vari reparti potrebbero influire negativamente anche sulle sue prestazioni.",0,1,0, , ,FALSE,TRUE,,2026-08-20T09:36:19.000Z,7
DAVIS K.,Udinese,UDI,A,"149,8","166,5",137-163,142-192,1,92,"6,94",,5637,"4473,68",0,0,0,"6,32","7,37","7894,74",0,0,0,0,0,0,T,70,0,0,Semi-Top,Semi-Top,0,"Il centravanti di riferimento. Fisico, abile nel gioco aereo e nel tenere palla. Sa finalizzare e far salire la squadra: è stato tra i migliori realizzatori della scorsa stagione. Secondo slot.",0,11,0, , ,FALSE,FALSE,,2026-08-20T09:36:19.000Z,17
HOLM,Bologna,BOL,D,"3,3","14,2",3-5,11-18,5,82,"6,17",,5678,"4385,96",0,0,0,"6,09","6,44","4210,53",0,0,0,0,0,0,B,0,0,0,TitLowCost,TitLowCost,"47,4", ,0,2,0, , ,FALSE,FALSE,,2026-08-20T09:36:19.000Z,11
VITINHA O.,Genoa,GEN,A,"26,4","46,7",21-33,36-59,3,92,"6,47",,6164,"5175,44",0,0,0,"5,95","6,39","8157,89",0,0,0,0,0,0,T,10,0,0,OttimoTit,OttimoTit,0,"Mobile, veloce e abile nell’uno contro uno. Non è una punta classica da area di rigore: ama svariare, creare spazi, dribblare e legare il gioco. Ha un buon tiro (anche da lontano) e sa fare da sponda o da falso nueve.",0,10,0, , ,FALSE,FALSE,,2026-08-20T09:36:19.000Z,21
NOSLIN,Lazio,LAZ,A,"7,2","32,3",5-10,25-41,4,86,"6,43",,6556,"5175,44",0,0,0,"6,02","6,5","6052,63",0,0,0,0,0,0,B,0,0,0,TitLowCost,TitLowCost,5, ,0,10,0, , ,FALSE,FALSE,,2026-08-20T09:36:19.000Z,25
ODGAARD,Bologna,BOL,C,"8,4","19,2",6-12,15-24,4,80,"6,55",,2765,"5175,44",0,0,0,"5,91","6,61","5789,47",0,0,0,0,0,0,B,0,0,0,TitLowCost,TitLowCost,"12,1","Ha già dimostrato di essere un giocatore importante. Ha le qualità giuste per il ruolo di mezzala o di trequartista, ha solo bisogno di avere più continuità. Speriamo che sotto questo aspetto Tedesco gli dia la possibilità di giocare più match possibili partendo dall'inizio.",0,8,0, , ,FALSE,FALSE,,2026-08-20T09:36:19.000Z,11
PIEROTTI,Lecce,LEC,C,"5,2","10,1",4-7,8-13,6,92,"6,33",,6549,"6929,82",0,0,0,"5,8","5,85","9736,84",0,0,0,0,0,0,T,0,10,0,TitLowCost,TitLowCost,"15,2","Anche se gioca più avanti ed è listato centrocampista, non ce la sentiamo di indicarlo come bug del listone. Il Lecce spesso si trova a soffrire e lui anche se ha qualità fatica ad esprimersi con continuità. Come sesto/settimo slot ci può stare acquistarlo.",0,9,0, , ,FALSE,FALSE,,2026-08-20T09:36:19.000Z,5
VALERI,Parma,PAR,D,"22,1","25,3",19-26,19-32,3,92,"6,18",,5862,"7280,7",0,0,0,"6,06","6,09","8947,37",0,0,0,0,0,0,T,20,20,0,OttimoTit,OttimoTit,0,Esterno di qualità e di spinta. Piede educato che sforna cross pericolosi e calci piazzati precisi per i compagni. Listato da difensore è una buona arma al fanta a cifre contenute.,0,9,0, , ,FALSE,FALSE,,2026-08-20T09:36:19.000Z,3
CASTRO S.,Roma,ROM,A,"80,3","99,7",69-93,85-115,2,80,"6,93",,6572,"6403,51",0,0,0,"5,93","6,51","9210,53",0,0,0,0,0,0,P,0,0,0,OttimoTit,OttimoTit,0, ,0,11,0, , ,FALSE,FALSE,,2026-08-20T09:36:19.000Z,20
GABBIA,Milan,MIL,D,"13,6",20,11-17,15-25,4,92,"6,14",,4401,"6228,07","5,816","5,81","4578,95","5,91","5,84","7631,58",0,0,0,0,0,0,T,0,0,0,OttimoTit,OttimoTit,"0,8", ,0,3,0, , ,FALSE,FALSE,,2026-08-20T09:36:19.000Z,6
BELAHYANE,Lazio,LAZ,C,"1,8",1,2-3,1-2,8,52,"5,97",,6191,"3421,05",0,0,0,"5,77","5,82","2894,74",0,0,0,0,0,0,P,0,0,0,Riserva,Riserva,"96,9", ,0,8,0, , ,FALSE,FALSE,,2026-08-20T09:36:19.000Z,-1
CAMARDA,Milan,MIL,A,"5,4",1,4-8,1-2,6,71,"6,21",,6519,0,0,0,0,"5,67","5,64","4736,84",0,0,0,0,0,0,P,0,0,0,Jolly,Jolly,9, ,0,11,0, , ,FALSE,FALSE,,2026-08-20T09:36:19.000Z,-4
COMUZZO,Torino,TOR,D,"7,9","18,4",6-11,14-23,4,90,"6,14",,6495,"4736,84",0,0,0,"5,75","5,75","6315,79",0,0,0,0,0,0,T,0,0,0,OttimoTit,OttimoTit,"5,7", ,0,2,0, , ,FALSE,FALSE,,2026-08-20T09:36:19.000Z,10
LEAO,Milan,MIL,A,"85,1","145,9",72-99,125-168,2,86,"6,99",,4510,0,0,0,0,"5,88","6,86","7368,42",0,0,0,0,0,0,T,0,0,0,Semi-Top,Semi-Top,0, ,0,10,0, , ,FALSE,FALSE,"Fortemente in dubbio la sua permanenza, cercato da Chelsea e in Arabia",2026-08-20T09:36:19.000Z,61
DOUGLAS LUIZ,Juventus,JUV,C,"11,8",1,9-16,1-2,8,72,"6,06",,4911,0,0,0,0,0,0,0,0,0,0,0,0,0,P,0,0,0,Jolly,Jolly,"8,6", ,0,6,0, , ,FALSE,TRUE,,2026-08-20T09:36:19.000Z,-11
ADAMS C.,Torino,TOR,A,"15,9","44,1",11-21,34-56,3,86,"6,52",,6646,0,0,0,0,"5,98","6,64","8421,05",0,0,0,0,0,0,T,0,0,0,OttimoTit,OttimoTit,"1,1", ,0,11,0, , ,FALSE,FALSE,,2026-08-20T09:36:19.000Z,28
CUTRONE,Monza,MON,A,"26,1","42,2",20-33,32-53,4,86,"6,5",,2155,0,0,0,0,"5,71","5,93","3684,21",0,0,0,0,0,0,B,20,0,0,TitLowCost,TitLowCost,"0,2","Classico numero 9 con fiuto del gol, tempismo e grinta. Bravo di testa e di piede (soprattutto destro), ha un buon senso della posizione e sa attaccare la profondità. Non è un giocatore di purezza tecnica elevatissima, ma è concreto, aggressivo e capace di finalizzare le occasioni. Può essere un buon quarto/quinto slot.",0,10,0, , ,FALSE,TRUE,,2026-08-20T09:36:19.000Z,16
DA CUNHA,Como,COM,C,"84,7","79,5",78-92,64-96,2,92,"6,79",,5559,0,0,0,0,"6,34","6,91","9210,53",0,0,0,0,0,0,T,70,10,0,OttimoTit,OttimoTit,0,"È un Semitop tra i centrocampisti, non ci sono dubbi. Oltre a essere imprescindibile è anche il rigorista del Como.",0,6,0, , ,FALSE,FALSE,,2026-08-20T09:36:19.000Z,-5
BONNY,Inter,INT,A,"28,1","36,3",23-34,28-46,4,80,"6,53",,6669,0,0,0,0,"6,15","6,83","7105,26",0,0,0,0,0,0,P,0,0,0,TitLowCost,TitLowCost,0,"La stagione è lunga e le competizioni sono tante, come quinto slot avere Bonny potrebbe essere un'ottima mossa.",0,10,0, , ,FALSE,FALSE,,2026-08-20T09:36:19.000Z,8
THURAM K.,Juventus,JUV,C,"31,8","28,2",28-37,22-36,3,88,"6,54",,5562,0,0,0,0,"6,1","6,4","8947,37",0,0,0,0,0,0,T,0,0,0,OttimoTit,OttimoTit,0, ,0,7,0, , ,FALSE,FALSE,,2026-08-20T09:36:19.000Z,-4
ESPOSITO SE.,Cagliari,CAG,A,13,1,9-18,1-2,6,60,"6,43",,4463,0,0,0,0,"6,26","6,88","9473,68",0,0,0,0,0,0,P,0,0,0,Riserva,Riserva,"1,7", ,0,10,0, , ,FALSE,FALSE,"In rotta con la società, rimarrà in Serie A in un medio/top club.",2026-08-20T09:36:19.000Z,-12
TAVARES N.,Lazio,LAZ,D,7,1,5-10,1-2,8,52,"6,04",,5620,0,0,0,0,"5,91","5,8","5789,47",0,0,0,0,0,0,P,0,0,0,Riserva,Riserva,"25,5","Senza infortuni sarebbe un top di reparto e un titolare inamovibile sia nella Lazio che nelle vostre rose. Purtroppo non ha continuità a livello fisico, per questo si può prendere a cifre basse per gli ultimi slot. Quando sta bene è devastante, ma il rischio di averlo poco a disposizione è molto alto.",0,5,0, , ,FALSE,FALSE,"Non convocato in Coppa Italia, vicino al ritorno in Portogallo",2026-08-20T09:36:19.000Z,-6
SOHM,Venezia,VEN,C,3,1,3-4,1-2,8,92,"5,96",,5319,0,0,0,0,"5,65","5,62","6315,79",0,0,0,0,0,0,T,0,0,0,TitLowCost,TitLowCost,"46,5", ,0,8,0, , ,FALSE,FALSE,,2026-08-20T09:36:19.000Z,-2
DELE-BASHIRU,Lazio,LAZ,C,"2,9",1,2-4,1-2,7,76,"6,37",,6629,0,0,0,0,"5,69","5,83","5526,32",0,0,0,0,0,0,P,0,0,0,TitLowCost,TitLowCost,"59,4", ,0,6,0, , ,FALSE,FALSE,,2026-08-20T09:36:19.000Z,-2
PAVLOVIC,Milan,MIL,D,"46,5","52,7",42-52,40-66,1,92,"6,38",,5022,0,0,0,0,"6,24","6,62","8947,37",0,0,0,0,0,0,T,0,0,0,Semi-Top,Semi-Top,0,"Nella passata stagione è stato uno dei difensori più prolifici in Serie A, collezionando tante ottime prestazioni. Il dubbio che però giocando con una linea difensiva più alta possa creargli problemi esiste. State attenti quindi a valutarlo solamente in base alla passata stagione e esaminate il contesto in cui si troverà quest'anno.",0,4,0, , ,FALSE,FALSE,,2026-08-20T09:36:19.000Z,6
MIRANDA J.,Bologna,BOL,D,"25,8","29,8",23-30,23-38,3,92,"6,21",,4734,0,0,0,0,6,"6,1","8157,89",0,0,0,0,0,0,T,0,10,0,OttimoTit,OttimoTit,"0,2","Terzino molto propositivo, che nel calcio voluto da Tedesco potrebbe essere ancora più propenso al bonus. Nella scorsa stagione 1 gol e 3 assist in 32 partite, ma anche 6 cartellini gialli. Quest'anno però potrebbe davvero essere molto interessante.",0,5,0, , ,FALSE,FALSE,,2026-08-20T09:36:19.000Z,4
COCO,Torino,TOR,D,"7,2","3,5",6-10,3-5,7,88,"6,04",,6642,0,0,0,0,"5,84","5,91","9210,53",0,0,0,0,0,0,T,0,0,0,TitLowCost,TitLowCost,"4,2", ,0,4,0, , ,FALSE,FALSE,,2026-08-20T09:36:19.000Z,-3
DELPRATO,Parma,PAR,D,"19,2","10,4",17-23,8-13,6,92,"6,07",,6664,0,0,0,0,"5,91","6,01","9210,53",0,0,0,0,0,0,T,0,0,0,TitLowCost,TitLowCost,0,È il capitano. Giocatore affidabile e sempre tra gli ultimi a mollare. Può giocare sia da centrale che da esterno. Cuesta non se ne priva praticamente mai. Ottimo per completare il reparto a cifre basse.,0,2,0, , ,FALSE,FALSE,,2026-08-20T09:36:19.000Z,-9
GASPAR K.,Lecce,LEC,D,"4,1",1,3-6,1-2,8,80,"6,04",,6632,0,0,0,0,"5,83","5,64","5526,32",0,0,0,0,0,0,P,0,0,0,TitLowCost,TitLowCost,"22,8","Gaspar è un pilastro della difesa del Lecce, spesso è stato infortunato nella passata stagione. Ora però è tornato a disposizione ed è uno slot perfetto dal sesto in giù.",0,3,0, , ,FALSE,FALSE,,2026-08-20T09:36:19.000Z,-3
ELLERTSSON,Genoa,GEN,C,"3,3","4,3",3-5,4-6,7,86,"6,33",,6020,0,0,0,0,"5,84","5,91","9210,53",0,0,0,0,0,0,B,0,20,0,TitLowCost,TitLowCost,"43,9", ,0,8,0, , ,FALSE,FALSE,,2026-08-20T09:36:19.000Z,1
FELICI,Cagliari,CAG,C,"2,3",1,2-3,1-2,8,52,"6,15",,6640,0,0,0,0,"6,05","6,55","2894,74",0,0,0,0,0,0,P,0,0,0,Riserva,Riserva,"83,4", ,0,9,0, , ,FALSE,FALSE,,2026-08-20T09:36:19.000Z,-1
PALEARI,Torino,TOR,P,"6,9","15,7",4-11,12-20,2,82,"5,02",,5320,0,0,0,0,"6,09","4,52","7631,58",0,0,0,0,0,0,T,0,0,0,TitLowCost,TitLowCost,"21,9", ,0,1,0, , ,FALSE,FALSE,,2026-08-20T09:36:19.000Z,9
MARCANDALLI,Genoa,GEN,D,"9,6","3,8",8-13,3-5,7,92,"6,02",,6660,0,0,0,0,"5,87","5,84","8157,89",0,0,0,0,0,0,T,0,0,0,TitLowCost,TitLowCost,"2,8", ,0,2,0, , ,FALSE,FALSE,,2026-08-20T09:36:19.000Z,-6
GOLDANIGA,Como,COM,D,"1,7",1,2-2,1-2,8,59,"5,94",,418,0,0,0,0,0,0,0,0,0,0,0,0,0,P,0,0,0,Riserva,Riserva,98, ,0,4,0, , ,FALSE,FALSE,,2026-08-20T09:36:19.000Z,-1
GHILARDI,Roma,ROM,D,"2,4",1,2-3,1-2,8,52,"5,94",,6631,0,0,0,0,"5,98","5,95","5526,32",0,0,0,0,0,0,P,0,0,0,Riserva,Riserva,"75,6","È cresciuto tanto dopo un primo periodo non all'altezza. Ora che venga utilizzato dal primo minuto o come rincalzo, assicura serenità alla retroguardia giallorossa. Se prendere N'Dicka o Mancini allora prendete anche lui.",0,4,0, , ,FALSE,FALSE,,2026-08-20T09:36:19.000Z,-1
VALENTI,Parma,PAR,D,3,"10,2",2-5,8-13,6,92,"6,07",,5307,0,0,0,0,"5,96","5,83","7105,26",0,0,0,0,0,0,T,0,0,0,TitLowCost,TitLowCost,"54,1", ,0,4,0, , ,FALSE,FALSE,,2026-08-20T09:36:19.000Z,7
VIGORITO,Como,COM,P,"1,9",1,2-3,1-2,3,10,"5,2",,2809,0,0,0,0,0,0,0,0,0,0,0,0,0,P,0,0,0,Riserva,Riserva,"45,9", ,0,1,0, , ,FALSE,FALSE,,2026-08-20T09:36:19.000Z,-1
CORVI,Parma,PAR,P,"6,4","34,1",4-10,26-43,2,90,"5,03",,6662,0,0,0,0,"6,18","5,09","4473,68",0,0,0,0,0,0,T,0,0,0,OttimoTit,OttimoTit,"13,7","Cuesta sembra aver deciso che sarà lui il nuovo titolare per la porta del Parma. Lo scorso anno si è comportato bene quando è stato chiamato in causa. Come terzo slot a pochissimi crediti può essere un buon acquisto, dato che il Parma punta molto sulla fase difensiva.",0,1,0, , ,FALSE,FALSE,,2026-08-20T09:36:19.000Z,28
DOVBYK,Bologna,BOL,A,"128,4","97,1",115-143,83-112,2,87,"6,8",,6675,0,0,0,0,6,"6,77","3421,05",0,0,0,0,0,0,B,20,0,0,OttimoTit,OttimoTit,0,"Crediamo che in un sistema votato all'attacco e con giocatori di qualità a orbitargli intorno, Dovbyk possa fare una buona stagione. In alcune aste sarà pagato poco a causa dell'ultima stagione deludente, in altre verrà pagato di più perché punteranno sul suo riscatto. La verità potrebbe stare nel mezzo. Buon terzo slot.",0,10,0, , ,FALSE,FALSE,,2026-08-20T09:36:19.000Z,-31
ZERBIN,Frosinone,FRO,C,"3,2",1,3-5,1-2,8,88,"6,08",,5998,"5526,32",0,0,0,"5,76","5,79","7631,58",0,0,0,0,0,0,B,0,0,0,TitLowCost,TitLowCost,"50,7", ,0,8,0, , ,FALSE,FALSE,,2026-08-20T09:36:19.000Z,-2
KARLSTROM,Udinese,UDI,C,"3,9",1,3-6,1-2,8,92,"6,16",,6680,0,0,0,0,"5,96","5,96","9473,68",0,0,0,0,0,0,T,0,0,0,TitLowCost,TitLowCost,"15,9", ,0,7,0, , ,FALSE,FALSE,,2026-08-20T09:36:19.000Z,-3
LIBERALI,Como,COM,C,"15,3","16,1",12-19,13-21,5,76,"6,57",,6678,0,0,0,0,0,0,0,0,0,0,0,0,0,P,0,0,0,TitLowCost,TitLowCost,"1,5","Il fantasista scuola Milan ha deciso di accasarsi al Como. Sono state tante le squadre a corteggiarlo, ma ha voluto giocare per Fabregas. L'allenatore spagnolo crede molto in lui e gli ha assicurato che avrà il suo spazio.",0,9,0, , ,FALSE,TRUE,,2026-08-20T09:36:19.000Z,1
PISILLI,Roma,ROM,C,"7,7","19,1",6-11,15-24,5,80,"6,55",,6190,0,0,0,0,"6,09","6,48","5789,47",0,0,0,0,0,0,P,0,0,0,TitLowCost,TitLowCost,"10,4","Giovane di prospettiva. Dinamico, tecnico e con buon senso della posizione. Può giocare da mezzala o mediano e porta freschezza e qualità. Sta diventando sempre di più una certezza.",0,10,0, , ,FALSE,FALSE,,2026-08-20T09:36:19.000Z,11
EKKELENKAMP,Udinese,UDI,C,"40,7","28,1",37-46,22-36,3,92,"6,49",,6684,0,0,0,0,"6,05","6,61","8157,89",0,0,0,0,0,0,T,0,40,0,OttimoTit,OttimoTit,0,"Mezzala dinamica e completa. Inserisce, recupera e contribuisce in entrambe le fasi. Ha buon senso del gol e qualità tecnica. Ottimo terzo/quarto slot.",0,6,0, , ,FALSE,FALSE,,2026-08-20T09:36:19.000Z,-13
DE GEA,Fiorentina,FIO,P,83,"54,5",75-92,41-69,1,91,"5,19",,2521,0,0,0,0,"6,24",5,"9736,84",0,0,0,0,0,0,T,0,0,0,Semi-Top,Semi-Top,0,Sarà ancora lui il titolare della Fiorentina tra i pali. Come tutta la squadra vorrà riscattare la brutta stagione passata. È uno dei leader e crediamo che darà tutto per far tornare la Fiorentina dove merita.,0,1,0, , ,FALSE,FALSE,,2026-08-20T09:36:19.000Z,-28
MARIANUCCI,Napoli,NAP,D,"2,1",1,2-3,1-2,8,51,"5,97",,6809,0,0,0,0,"5,73","5,73","2894,74",0,0,0,0,0,0,P,0,0,1,Riserva,Riserva,"95,3", ,0,4,0, , ,TRUE,FALSE,,2026-08-20T09:36:19.000Z,-1
ALMQVIST,Parma,PAR,C,"2,5",1,2-4,1-2,8,60,"6,08",,6207,"5701,75",0,0,0,"5,94","6,06","2368,42",0,0,0,0,0,0,P,0,0,0,Riserva,Riserva,"66,3", ,0,5,0, , ,FALSE,FALSE,,2026-08-20T09:36:19.000Z,-2
COULIBALY L.,Lecce,LEC,C,"3,4",1,3-5,1-2,8,92,"6,19",,5504,"8508,77","5,916","5,982","8578,95","6,05","6,29","8684,21",0,0,0,0,0,0,T,0,0,0,TitLowCost,TitLowCost,27,"Uomo imprescindibile per il centrocampo di Di Francesco. Da ultimo slot a un credito per essere sicuri di avere non rimanere in 10, soprattutto in leghe numerose può avere senso come acquisto.",0,6,0, , ,FALSE,FALSE,,2026-08-20T09:36:19.000Z,-2
TORRIANI,Milan,MIL,P,"1,8",1,2-3,1-2,3,20,"5,4",,6813,0,0,0,0,0,0,0,0,0,0,0,0,0,P,0,0,0,Riserva,Riserva,"23,2", ,0,1,0, , ,FALSE,FALSE,,2026-08-20T09:36:19.000Z,-1
PINAMONTI,Sassuolo,SAS,A,"76,8","14,5",65-90,11-19,5,60,"6,64",,2038,"9385,96","5,916","6,654","9210,53","5,88","6,62","8947,37",0,0,0,0,0,0,P,20,0,0,Riserva,Riserva,0,"Non il migliore dei bomber, ma i suoi gol a fine anno li porta sempre. Come terzo slot è perfetto.",0,10,0, , ,FALSE,FALSE,Ha chiesto la cessione,2026-08-20T09:36:19.000Z,-62
BRESCIANINI,Fiorentina,FIO,C,"2,4",1,2-3,1-2,8,52,"6,06",,4947,"6666,67",0,0,0,"5,97","6,31","4736,84",0,0,0,0,0,0,P,0,0,0,Riserva,Riserva,"82,9", ,0,6,0, , ,FALSE,FALSE,,2026-08-20T09:36:19.000Z,-1
FADERA,Como,COM,C,2,1,2-3,1-2,8,52,"6,1",,6815,0,0,0,0,"5,92","6,15","6315,79",0,0,0,0,0,0,P,0,0,0,Riserva,Riserva,98, ,0,10,0, , ,FALSE,FALSE,,2026-08-20T09:36:19.000Z,-1
NORTON-CUFFY,Genoa,GEN,D,"26,2","20,3",23-30,16-26,4,84,"6,2",,6814,0,0,0,0,"5,93","6,09","7105,26",0,0,0,0,0,0,T,0,0,0,OttimoTit,OttimoTit,"0,6", ,0,5,0, , ,FALSE,FALSE,"De Rossi lo ha centellinato nelle amichevoli ""causa mercato"" e il Genoa sta chiudendo per Van Der Brempt",2026-08-20T09:36:19.000Z,-6
DIA,Lazio,LAZ,A,"13,4",1,9-19,1-2,6,60,"6,38",,5672,"6754,39",0,0,0,"5,68","5,86","6578,95",0,0,0,0,0,0,P,0,0,0,Riserva,Riserva,"1,5", ,0,10,0, , ,FALSE,FALSE,,2026-08-20T09:36:19.000Z,-12
FOFANA Y.,Milan,MIL,C,"2,8",1,2-4,1-2,8,52,"6,24",,4686,0,0,0,0,"5,85","6,06","8684,21",0,0,0,0,0,0,P,0,0,0,Riserva,Riserva,"78,7", ,0,6,0, , ,FALSE,FALSE,Fuori piano,2026-08-20T09:36:19.000Z,-2
EKHATOR,Juventus,JUV,A,"3,4",1,3-5,1-2,6,59,"6,4",,6822,0,0,0,0,"5,96","6,28","6578,95",0,0,0,0,0,0,P,0,0,1,Riserva,Riserva,"22,3", ,0,11,0, , ,TRUE,FALSE,,2026-08-20T09:36:19.000Z,-2
NERES,Napoli,NAP,A,"27,4","39,8",21-34,30-50,4,73,"6,65",,6831,0,0,0,0,"6,19","6,84","4210,53",0,0,0,0,0,0,P,0,0,1,Jolly,Jolly,0,"Se sta bene ha già fatto vedere quello di cui è capace e di come può trascinare i fantallenatori coi suoi bonus. Giocatore forte, per il quale però non dovrete spendere cifre troppo alte sia per il rischio infortuni sia per la forte concorrenza nel ruolo.",0,9,0, , ,TRUE,FALSE,,2026-08-20T09:36:19.000Z,13
TURATI,Sassuolo,SAS,P,2,1,2-3,1-2,3,20,"4,57",,4867,"5877,19",0,0,0,"6,17",5,"1578,95",0,0,0,0,0,0,P,0,0,0,Riserva,Riserva,"64,5", ,0,1,0, , ,FALSE,FALSE,,2026-08-20T09:36:19.000Z,-1
PEDERSEN,Torino,TOR,D,"13,6","16,8",11-17,13-21,4,86,"6,16",,6426,"6491,23",0,0,0,"5,84","5,96","7368,42",0,0,0,0,0,0,T,0,0,0,OttimoTit,OttimoTit,"2,2", ,0,5,0, , ,FALSE,FALSE,,2026-08-20T09:36:19.000Z,3
PAZ N.,Como,COM,C,"186,9","184,1",176-199,157-212,1,92,"7,3",,6875,0,0,0,0,"6,37","7,3","9210,53",0,0,0,0,0,0,T,10,70,0,Top,Top,0,"Nulla da dire. Top di reparto, va preso e pagato anche tanto senza rimorsi. 35 presenze, 12 gol e 6 assist nella passata stagione. Numeri che parlano da soli.",0,9,0, , ,FALSE,FALSE,,2026-08-20T09:36:19.000Z,-3
PERRONE,Como,COM,C,"23,9","22,4",20-29,17-28,4,92,"6,44",,6151,0,0,0,0,"6,22","6,47","9473,68",0,0,0,0,0,0,T,0,0,0,OttimoTit,OttimoTit,0,"Giocatore imprescindibile anche lui per Fabregas. 36 presenze, 3 gol e 4 assist nella passata stagione. Per la posizione che ricopre in campo al fantacalcio non va strapagato. È comunque un ottimo acquisto, il terzo slot perfetto per il tuo centrocampo.",0,7,0, , ,FALSE,FALSE,,2026-08-20T09:36:19.000Z,-2
CONCEICAO,Juventus,JUV,C,"71,8","79,8",65-80,64-96,2,86,"6,89",,6884,0,0,0,0,"6,28","6,7","7894,74",0,0,0,0,0,0,B,0,0,0,OttimoTit,OttimoTit,0,"Avesse più continuità in zona bonus sarebbe un top di reparto. Per un attaccante esterno, 3 gol e 5 assist non sono il massimo. Però crediamo che facendo tutta la preparazione con Spalletti le cose potrebbero cambiare in meglio anche per lui. Listato centrocampista è comunque ottimo.",0,8,0, , ,FALSE,FALSE,,2026-08-20T09:36:19.000Z,8
JEAN,Lecce,LEC,D,1,1,1-1,1-2,8,52,"5,93",,6883,0,0,0,0,"5,8","5,7","1315,79",0,0,0,0,0,0,P,0,0,0,Riserva,Riserva,"99,3", ,0,4,0, , ,FALSE,FALSE,,2026-08-20T09:36:19.000Z,0
DOMINGUEZ B.,Sassuolo,SAS,C,"3,2",1,3-5,1-2,7,78,"6,37",,6895,0,0,0,0,"5,83","6,04","3157,89",0,0,0,0,0,0,P,0,0,0,TitLowCost,TitLowCost,"56,7", ,0,11,0, , ,FALSE,FALSE,,2026-08-20T09:36:19.000Z,-2
KOSSOUNOU,Atalanta,ATA,D,"2,6",1,2-4,1-2,8,52,"5,99",,5578,0,0,0,0,"5,94","6,09","4210,53",0,0,0,0,0,0,P,0,0,0,Riserva,Riserva,"74,7", ,0,3,0, , ,FALSE,FALSE,,2026-08-20T09:36:19.000Z,-2
ANJORIN,Torino,TOR,C,"1,9",1,2-3,1-2,8,74,"6,24",,6889,0,0,0,0,"5,78","5,72","2368,42",0,0,0,0,0,0,P,0,0,0,Jolly,Jolly,"96,7", ,0,6,0, , ,FALSE,FALSE,,2026-08-20T09:36:19.000Z,-1
KEMPF,Como,COM,D,"9,9","6,5",8-13,5-9,7,76,"6,16",,6893,0,0,0,0,"6,12","6,52","7631,58",0,0,0,0,0,0,P,0,0,0,TitLowCost,TitLowCost,"6,8","Difensore importantissimo sia per il Como che per noi fantallenatori. 34 presenze, 4 gol, 1 assist. È però arrivato Chalobah e questo per lui significa che non avrà più il posto da titolare assicurato.",0,3,0, , ,FALSE,FALSE,,2026-08-20T09:36:19.000Z,-3
MCTOMINAY,Napoli,NAP,C,"172,5","170,9",163-183,146-197,1,92,"7,21",,4777,0,0,0,0,"6,39","7,26","8684,21",0,0,0,0,0,0,T,0,0,0,Top,Top,0,"McTominay con Allegri potrebbe fare un ulteriore salto di qualità. Infatti l'allenatore concede tanta libertà d'interpretazione ai suoi giocatori di maggiore qualità. Il paragone con Rabiot non è sbagliato, anche se McTominay ha ancora più propensione al bonus. Anche quest'anno sarà un top di reparto.",0,8,0, , ,FALSE,FALSE,,2026-08-20T09:36:19.000Z,-2
GILMOUR,Napoli,NAP,C,2,1,2-3,1-2,8,56,"6,06",,5131,0,0,0,0,"6,08","6,27","3421,05",0,0,0,0,0,0,P,0,0,0,Riserva,Riserva,"93,8", ,0,7,0, , ,FALSE,FALSE,,2026-08-20T09:36:19.000Z,-1
KEITA M.,Parma,PAR,C,"3,5",1,3-5,1-2,8,92,"6,12",,6898,0,0,0,0,"6,01","6,06","9473,68",0,0,0,0,0,0,T,0,0,0,TitLowCost,TitLowCost,"26,1","È un mediano box-to-box di grande intensità. Eccelle nei recuperi, nei contrasti e nelle intercettazioni, ma sa anche portare palla in avanti e coprire tanto campo. I bonus però non sono il suo pane quotidiano, quindi potete prenderlo come sesto/settimo slot per assicurarvi un titolare.",0,7,0, , ,FALSE,FALSE,,2026-08-20T09:36:19.000Z,-3
ATTA,Fiorentina,FIO,C,"98,7","91,1",92-106,73-110,1,92,"6,89",,6908,0,0,0,0,"6,36","6,88","8421,05",0,0,0,0,0,0,T,0,0,0,Semi-Top,Semi-Top,0,Sarà la mezzala sinistra titolare di questa Fiorentina e le sue caratteristiche sono perfetto per Grosso. Tempi di inserimento perfetti e grande visione di gioco. Sarà uno dei pezzi pregiati dell'asta di quest'anno.,0,6,0, , ,FALSE,FALSE,,2026-08-20T09:36:19.000Z,-8
VAN DER BREMPT,Como,COM,D,"2,4",1,2-3,1-2,8,52,"5,94",,6896,0,0,0,0,"5,96","5,96","3684,21",0,0,0,0,0,0,P,0,0,0,Riserva,Riserva,"83,4", ,0,2,0, , ,FALSE,FALSE,Vicinissmo al Genoa,2026-08-20T09:36:19.000Z,-1
BERISHA M.,Lecce,LEC,C,5,"5,9",4-7,5-8,7,90,"6,31",,6015,0,0,0,0,"6,17","6,92","3157,89",0,0,0,0,0,0,T,10,30,0,TitLowCost,TitLowCost,"21,5",Purtroppo nella passata stagione ha avuto un brutto infortunio che lo ha tenuto a lungo ai box. Quando sarà disponibile allora diventerà una pedina importante per Di Francesco. Si può prendere come ultimo slot da scommessa e attendere che torni in forma al 100%.,0,7,0, , ,FALSE,FALSE,,2026-08-20T09:36:19.000Z,1
BASIC,Venezia,VEN,C,6,1,5-8,1-2,8,92,"6,08",,5674,0,0,0,0,"6,09","6,43","6052,63",0,0,0,0,0,0,T,0,20,0,TitLowCost,TitLowCost,"7,9", ,0,6,0, , ,FALSE,FALSE,,2026-08-20T09:36:19.000Z,-5
BARTESAGHI,Milan,MIL,D,"26,9","26,5",24-31,20-34,3,76,"6,33",,6496,"3245,61",0,0,0,"5,97","6,05","8157,89",0,0,0,0,0,0,P,0,10,0,OttimoTit,OttimoTit,0, ,0,4,0, , ,FALSE,FALSE,,2026-08-20T09:36:19.000Z,0
HAINAUT,Venezia,VEN,D,"3,6","2,6",3-5,2-4,8,88,"6,04",,6821,0,0,0,0,0,0,0,0,0,0,0,0,0,B,0,0,0,TitLowCost,TitLowCost,"31,7", ,0,5,0, , ,FALSE,TRUE,,2026-08-20T09:36:19.000Z,-1
NJIE,Torino,TOR,C,3,1,3-4,1-2,8,60,"6,1",,6827,0,0,0,0,"5,8","6,15","2631,58",0,0,0,0,0,0,P,0,0,0,Riserva,Riserva,"90,5", ,0,10,0, , ,FALSE,FALSE,Offerte dall'estero,2026-08-20T09:36:19.000Z,-2
AHANOR,Atalanta,ATA,D,5,1,4-7,1-2,8,60,"6,03",,6916,0,0,0,0,"5,79","5,69","5526,32",0,0,0,0,0,0,P,0,0,0,Riserva,Riserva,"23,5","La scorsa stagione non ha giocato con continuità e non sappiamo se Sarri punterà su di lui quest'anno. Il ragazzo ha qualità, ma Sarri una volta deciso il suo 11 titolare difficilmente lo cambia.",0,5,0, , ,FALSE,FALSE,,2026-08-20T09:36:19.000Z,-4
JIMENEZ A.,Fiorentina,FIO,D,"37,6","36,6",33-43,28-46,2,92,"6,26",,6531,"2017,54",0,0,0,"5,5",5,"263,16",0,0,0,0,0,0,T,0,0,0,Semi-Top,Semi-Top,0,"Potrebbe essere un acquisto davvero molto interessante, dato che Grosso lo vede anche come esterno d'attacco. Un suo difetto è sicuramente il carattere fumoso, che lo porta a rischiare spesso di prendere il giallo, ma ha grande qualità e un anno di Premier League lo ha fatto crescere.",0,2,0, , ,FALSE,TRUE,,2026-08-20T09:36:19.000Z,-1
DIAO,Como,COM,A,"57,3","60,1",49-66,49-73,3,92,"6,55",,6967,0,0,0,0,6,"6,38","4210,53",0,0,0,0,0,0,T,0,0,0,OttimoTit,OttimoTit,0,"La passata stagione è stato a lungo out a causa dell'infortunio. Solo 17 presenze per lui e tante a partita in corso. Ma ora è pronto e può essere un giocatore importante, anche in virtù del fatto che il Como giocherà la Champions e ci sarà bisogno di rotazioni. Può essere impiegato sia come esterno d'attacco che come falso nueve.",0,8,0, , ,FALSE,FALSE,,2026-08-20T09:36:19.000Z,3
SOLET,Udinese,UDI,D,53,"47,5",48-59,36-60,2,92,"6,34",,6956,0,0,0,0,"6,18","6,4","8947,37",0,0,0,0,0,0,T,0,0,0,Semi-Top,Semi-Top,0,"Il centrale più importante e di maggior valore della rosa dell'Udinese. Fisico, aggressivo e abile nei duelli aerei e negli anticipi. Porta solidità, intensità e personalità alla difesa a tre. Forte anche in progressione palla al piede e sugli sviluppi da palla inattiva.",0,4,0, , ,FALSE,FALSE,,2026-08-20T09:36:19.000Z,-5
BUTEZ,Como,COM,P,"98,1","80,2",90-107,65-97,1,91,"5,43",,6966,0,0,0,0,"6,07","5,37",10000,0,0,0,0,0,0,T,0,0,0,Semi-Top,Semi-Top,0,"Nonostante il gioco ultra offensivo di Fabregas la difesa non ne ha risentito, anzi è stata una delle meno battute. Butez si è dimostrato un portiere di alto livello e all'asta va considerato come un Top/Semitop.",0,1,0, , ,FALSE,FALSE,,2026-08-20T09:36:19.000Z,-18
CAQUERET,Como,COM,C,"3,6",1,3-5,1-2,8,80,"6,3",,5036,0,0,0,0,"6,11","6,41","7368,42",0,0,0,0,0,0,P,0,0,0,TitLowCost,TitLowCost,"35,4",Quest'anno con il fatto che il Como giocherà la Champions potrebbe avere più spazio. Giocatore di grande qualità che qualche bonus lo porta. Come quinto/sesto slot a cifre modiche può essere un buon acquisto.,0,7,0, , ,FALSE,FALSE,,2026-08-20T09:36:19.000Z,-3
HELGASON,Venezia,VEN,C,"1,8",1,2-3,1-2,8,75,"5,97",,5872,0,0,0,0,"5,62","5,62","1052,63",0,0,0,0,0,0,P,0,0,0,TitLowCost,TitLowCost,"96,9", ,0,8,0, , ,FALSE,FALSE,,2026-08-20T09:36:19.000Z,-1
MASINI,Frosinone,FRO,C,3,1,3-4,1-2,8,80,"5,92",,6917,0,0,0,0,"5,98","5,9","5526,32",0,0,0,0,0,0,P,0,0,0,TitLowCost,TitLowCost,"88,2", ,0,7,0, , ,FALSE,FALSE,,2026-08-20T09:36:19.000Z,-2
RENSCH,Roma,ROM,D,"6,4",1,5-9,1-2,8,64,"5,99",,6986,0,0,0,0,"6,16","6,5",5000,0,0,0,0,0,0,P,0,0,0,Riserva,Riserva,"16,6", ,0,5,0, , ,FALSE,FALSE,,2026-08-20T09:36:19.000Z,-5
OTOA,Genoa,GEN,D,"2,2",1,3-3,1-2,8,64,"5,91",,6977,0,0,0,0,"5,6","5,35","2631,58",0,0,0,0,0,0,P,0,0,0,Riserva,Riserva,"92,9", ,0,3,0, , ,FALSE,FALSE,,2026-08-20T09:36:19.000Z,-1
VEIGA D.,Lecce,LEC,D,"3,5","2,5",3-5,2-4,8,92,"6,01",,6990,0,0,0,0,"5,82","5,69","9473,68",0,0,0,0,0,0,T,0,0,0,TitLowCost,TitLowCost,"28,8", ,0,2,0, , ,FALSE,FALSE,,2026-08-20T09:36:19.000Z,-1
TIAGO GABRIEL,Lecce,LEC,D,14,"7,6",12-17,6-10,6,92,"6,05",,6989,0,0,0,0,6,"6,01","9473,68",0,0,0,0,0,0,T,0,0,0,TitLowCost,TitLowCost,"0,6","Giocatore davvero molto forte, cercato da tanti club italiani e stranieri. Può essere il vostro secondo/terzo slot perfetto, soprattutto se utilizzate il modificatore.",0,4,0, , ,FALSE,FALSE,Offerte dall'estero ed interesse dal Milan,2026-08-20T09:36:19.000Z,-6
GIMENEZ,Milan,MIL,A,"3,9",1,3-6,1-2,6,52,"6,65",,7008,0,0,0,0,"5,5","5,53","3947,37",0,0,0,0,0,0,P,0,0,0,Riserva,Riserva,"38,5", ,0,11,0, , ,FALSE,FALSE,Fuori piano,2026-08-20T09:36:19.000Z,-3
CASADEI,Torino,TOR,C,"27,8","25,2",24-33,19-32,4,90,"6,49",,5888,0,0,0,0,"5,97","6,45","8421,05",0,0,0,0,0,0,T,0,0,0,OttimoTit,OttimoTit,0, ,0,8,0, , ,FALSE,FALSE,,2026-08-20T09:36:19.000Z,-3
N'DRI,Lecce,LEC,A,"4,8","5,2",4-7,4-7,5,92,"6,18",,7001,0,0,0,0,"5,82","6,09","4473,68",0,0,0,0,0,0,T,0,0,0,TitLowCost,TitLowCost,"9,5", ,0,11,0, , ,FALSE,FALSE,,2026-08-20T09:36:19.000Z,0
VALLE,Como,COM,D,"8,7","15,3",7-12,12-20,5,86,"6,15",,6867,0,0,0,0,"6,06","6,23","6842,11",0,0,0,0,0,0,B,0,0,0,OttimoTit,OttimoTit,"7,5","Quest'anno avrà un competitor importante nella sua posizione, ovvero Kaiki. Non crediamo vi assicuri titolarità certa. Occhio.",0,5,0, , ,FALSE,FALSE,,2026-08-20T09:36:19.000Z,6
SMOLCIC I.,Como,COM,D,"3,2",1,3-5,1-2,8,60,"5,94",,7014,0,0,0,0,"5,96","5,84","6578,95",0,0,0,0,0,0,P,0,0,0,Riserva,Riserva,"55,6", ,0,2,0, , ,FALSE,FALSE,,2026-08-20T09:36:19.000Z,-2
PROVSTGAARD,Lazio,LAZ,D,3,"16,6",3-4,13-21,5,88,"6,14",,7012,0,0,0,0,"5,91","5,85","6052,63",0,0,0,0,0,0,T,0,0,0,OttimoTit,OttimoTit,"59,8", ,0,4,0, , ,FALSE,FALSE,,2026-08-20T09:36:19.000Z,14
PELLEGRINO M.,Fiorentina,FIO,A,"69,4","48,7",59-81,39-59,3,80,"6,63",,7023,0,0,0,0,"5,99","6,65","9736,84",0,0,0,0,0,0,P,0,0,0,OttimoTit,OttimoTit,"19,9", ,0,10,0, , ,FALSE,FALSE,,2026-08-20T09:36:19.000Z,-20
KELLY L.,Juventus,JUV,D,"12,1","12,1",10-16,10-16,6,80,"6,17",,6766,0,0,0,0,"6,01","6,07","9210,53",0,0,0,0,0,0,P,0,0,0,TitLowCost,TitLowCost,"4,2", ,0,4,0, , ,FALSE,FALSE,,2026-08-20T09:36:19.000Z,0
AZON,Como,COM,A,"1,9",1,2-3,1-2,6,52,"6,56",,7027,0,0,0,0,0,0,0,0,0,0,0,0,0,P,0,0,0,Riserva,Riserva,90, ,0,11,0, , ,FALSE,TRUE,,2026-08-20T09:36:19.000Z,-1
NDOUR,Fiorentina,FIO,C,"16,2",16,13-20,12-20,5,84,"6,46",,6294,0,0,0,0,"5,8","6,07","7894,74",0,0,0,0,0,0,B,0,0,0,TitLowCost,TitLowCost,0, ,0,8,0, , ,FALSE,FALSE,,2026-08-20T09:36:19.000Z,0
DOUVIKAS,Como,COM,A,175,"197,3",159-192,178-218,1,92,"7,04",,7017,0,0,0,0,"6,18","7,38","9473,68",0,0,0,0,0,0,T,20,0,0,Semi-Top,Semi-Top,0,"Arriva da una stagione davvero super. Il prezzo salirà all'asta. Il Como crea tanto e lui sa finalizzare. Anche se non dovesse essere sempre titolare per via della doppia competizione, rimane un ottimo acquisto.",0,11,0, , ,FALSE,FALSE,,2026-08-20T09:36:19.000Z,22
HERMOSO,Roma,ROM,D,21,"19,6",18-25,15-25,4,88,"6,17",,4807,0,0,0,0,"6,17","6,41","7105,26",0,0,0,0,0,0,T,0,0,0,OttimoTit,OttimoTit,"0,2","Centrale o braccetto sinistro. Elegante con i piedi, bravo a impostare e a giocare in anticipo. Porta qualità nella costruzione dal basso.",0,4,0, , ,FALSE,FALSE,,2026-08-20T09:36:19.000Z,-1
RUGANI,Juventus,JUV,D,2,1,2-3,1-2,8,52,"5,96",,294,0,0,0,0,"5,69","5,56","2105,26",0,0,0,0,0,0,P,0,0,0,Riserva,Riserva,"96,2", ,0,3,0, , ,FALSE,FALSE,,2026-08-20T09:36:19.000Z,-1
EBOSSE,Udinese,UDI,D,"2,3",1,2-3,1-2,8,52,"5,87",,5994,0,0,0,0,"5,75","5,72","4210,53",0,0,0,0,0,0,P,0,0,0,Riserva,Riserva,88, ,0,4,0, , ,FALSE,FALSE,,2026-08-20T09:36:19.000Z,-1
VENTURINO,Genoa,GEN,C,"2,6",1,3-4,1-2,8,58,"6,07",,6980,0,0,0,0,"5,86","5,86","1842,11",0,0,0,0,0,0,P,0,0,0,Riserva,Riserva,"95,6", ,0,10,0, , ,FALSE,FALSE,,2026-08-20T09:36:19.000Z,-2
DAVID,Juventus,JUV,A,"14,9",43,10-20,33-54,4,68,"6,77",,5544,0,0,0,0,"5,77","6,33","7894,74",0,0,0,0,0,0,P,0,0,0,Riserva,Riserva,"0,6", ,0,11,0, , ,FALSE,FALSE,Sul mercato,2026-08-20T09:36:19.000Z,28
DE BRUYNE,Napoli,NAP,C,83,"104,3",75-92,89-120,1,88,"7,06",,2517,0,0,0,0,"6,26","7,24","4473,68",0,0,0,0,0,0,T,70,70,0,Top,Top,0, ,0,6,0, , ,FALSE,FALSE,,2026-08-20T09:36:19.000Z,21
LANG,Napoli,NAP,A,3,1,3-4,1-2,6,52,"6,47",,7120,0,0,0,0,"6,04","6,32","3684,21",0,0,0,0,0,0,P,0,0,0,Riserva,Riserva,"42,8", ,0,11,0, , ,FALSE,TRUE,,2026-08-20T09:36:19.000Z,-2
BERARDI,Sassuolo,SAS,A,"117,5","153,8",106-130,131-177,1,90,"6,94",,531,0,0,0,0,"6,31","7,19","6842,11",0,0,0,0,0,0,T,70,70,0,Semi-Top,Semi-Top,0,"Il capitano e la stella. Esterno/trequartista di classe, tecnicamente raffinato, visionario e decisivo. Ama accentrarsi, inventare, calciare e creare. Ancora il giocatore più importante e carismatico della squadra. Se sta bene è un secondo slot perfetto, anche perché è il rigorista.",0,9,0, , ,FALSE,FALSE,,2026-08-20T09:36:19.000Z,36
SOULÈ,Roma,ROM,A,"64,3",49,54-75,40-59,3,78,"6,66",,5734,0,0,0,0,"6,12","6,83","8421,05",0,0,0,0,0,0,P,0,10,0,OttimoTit,OttimoTit,0, ,0,9,0, , ,FALSE,FALSE,potrebbe non rimanere a Roma,2026-08-20T09:36:19.000Z,-15
LAURIENTÈ,Sassuolo,SAS,A,"71,2","94,8",62-81,76-114,2,90,"6,76",,6060,0,0,0,0,"6,23","6,99","9736,84",0,0,0,0,0,0,T,10,20,0,OttimoTit,OttimoTit,0,"Ala sinistra rapida e imprevedibile. Veloce, bravo nel dribbling e nel creare superiorità. Fornisce assist e finalizza: uno dei più pericolosi in transizione. Ottimo come terzo/quarto slot.",0,11,0, , ,FALSE,FALSE,Nome che riceve sempre tante offerte dall'estero. Occhio a puntarci e rimanerci scottati,2026-08-20T09:36:19.000Z,24
MODRIC,Milan,MIL,C,"35,7","28,1",31-41,22-36,3,92,"6,49",,2606,0,0,0,0,"6,45","6,67","8684,21",0,0,0,0,0,0,T,10,70,0,OttimoTit,OttimoTit,0,"Ha deciso di indossare per un'altra stagione la maglia rossonera, maglia a cui lui ha sempre dichiarato di tenere molto sin da bambino. Nonostante l'età è stato uno dei centrocampisti con il rendimento migliore. Quest'anno potrebbe giocare di meno e dare più spazio alla crescita di Jashari. Averlo in rosa però è sempre un'ottima idea.",0,6,0, , ,FALSE,FALSE,,2026-08-20T09:36:19.000Z,-8
KONÈ M.,Roma,ROM,C,1,"56,2",1-1,45-68,3,92,"6,66",,5589,0,0,0,0,"6,26","6,53","7631,58",0,0,0,0,0,0,T,0,0,0,OttimoTit,OttimoTit,100,"Eccelle nei recuperi, nei contrasti e nelle progressioni palla al piede. Ha buona tecnica sotto pressione e sa dettare i tempi. È il tipico giocatore “box-to-box” che Gasperini ama: intensità, copertura e qualità. Fondamentale. Secondo/terzo slot nonostante i non tantissimi bonus.",0,7,0, , ,FALSE,FALSE,,2026-08-20T09:36:19.000Z,55
BERNARDESCHI,Bologna,BOL,C,"34,6","52,8",30-40,43-64,3,88,"6,68",,184,0,0,0,0,"6,04","6,56","6315,79",0,0,0,0,0,0,B,10,20,0,OttimoTit,OttimoTit,0,"Tedesco lo vede anche come trequartista, ruolo che potrebbe farlo rendere meglio liberandolo da qualche responsabilità difensiva. L'allenatore chiede ai suoi esterni d'attacco grande dinamismo, questo perché vuole una linea di difesa molto alta. Tale dinamismo Bernardeschi da esterno non glielo può garantire, ma ha le qualità tecniche giuste per poter ricoprire la posizione di mezzala e di trequartista. Non parte avanti nelle gerarchi per quel ruolo, ma giocherà molto e potrebbe fare bene.",0,8,0, , ,FALSE,FALSE,,2026-08-20T09:36:19.000Z,18
BATURINA,Como,COM,C,"114,4","93,9",105-125,76-113,1,92,"6,91",,7126,0,0,0,0,"6,3","7,14","6578,95",0,0,0,0,0,0,T,0,20,0,Semi-Top,Semi-Top,0,"Partito in sordina all'inizio della scorsa stagione, ma da gennaio in poi è stato determinante. Quest'anno sarà titolare da subito e verrà pagato abbastanza. Si può puntare forte anche su di lui.",0,10,0, , ,FALSE,FALSE,,2026-08-20T09:36:19.000Z,-20
KUHN,Como,COM,A,"2,4",1,2-3,1-2,6,68,"6,19",,7128,0,0,0,0,"5,96","6,25","3684,21",0,0,0,0,0,0,P,0,0,0,Riserva,Riserva,"58,5", ,0,8,0, , ,FALSE,FALSE,,2026-08-20T09:36:19.000Z,-1
ESPOSITO F.P.,Inter,INT,A,"89,3","109,7",78-102,94-127,2,82,"6,95",,7071,0,0,0,0,"6,26","7,02","8157,89",0,0,0,0,0,0,P,0,0,0,OttimoTit,OttimoTit,0,Riserva di lusso che quando è stato chiamato in causa ha risposto con gol pesanti. Lo scudetto è arrivato anche grazie ad alcuni dei suoi gol. È la prima alternativa a Lautaro e a Thuram.,0,11,0, , ,FALSE,FALSE,,2026-08-20T09:36:19.000Z,21
LUIS HENRIQUE,Inter,INT,C,"3,2",1,3-5,1-2,8,64,"6,23",,5301,0,0,0,0,"5,89","6,06","7105,26",0,0,0,0,0,0,P,0,0,0,Riserva,Riserva,"51,2", ,0,5,0, , ,FALSE,FALSE,Cercato dalla Roma ed estero  Se arriva l'offerta giusta puo partire,2026-08-20T09:36:19.000Z,-2
ADDAI,Como,COM,C,"2,9",1,3-4,1-2,8,65,"6,39",,7127,0,0,0,0,"5,96","6,54","3157,89",0,0,0,0,0,0,P,0,0,8,Riserva,Riserva,"73,4",Giovane interessantissimo acquistato nella passata stagione. Purtroppo ha avuto un infortunio grave al tendine d'Achille. Sarà da capire come recupererà.,0,8,0, , ,FALSE,FALSE,,2026-08-20T09:36:19.000Z,-2
BERNABÈ,Parma,PAR,C,"22,4","17,7",19-26,14-23,5,90,"6,42",,6666,0,0,0,0,"6,17","6,48","8421,05",0,0,0,0,0,0,T,10,70,0,TitLowCost,TitLowCost,0, ,0,6,0, , ,FALSE,FALSE,,2026-08-20T09:36:19.000Z,-4
GIOVANE,Napoli,NAP,A,"3,6",1,3-5,1-2,6,52,"6,31",,7162,0,0,0,0,6,"6,45","8157,89",0,0,0,0,0,0,P,0,0,0,Riserva,Riserva,"19,5", ,0,9,0, , ,FALSE,FALSE,,2026-08-20T09:36:19.000Z,-3
THORSTVEDT,Sassuolo,SAS,C,"24,5",1,21-29,1-2,8,60,"6,27",,5844,0,0,0,0,"6,15","6,48","8157,89",0,0,0,0,0,0,P,0,0,0,Riserva,Riserva,"0,2","Mezzala box-to-box. Fisico, dinamico e con buon senso del gol. Inserisce, recupera e contribuisce in entrambe le fasi: uno dei più completi della mediana.",0,6,0, , ,FALSE,FALSE,Ha chiesto la cessione,2026-08-20T09:36:19.000Z,-24
ESTUPINAN,Milan,MIL,D,"2,3",1,2-3,1-2,8,68,6,,5273,0,0,0,0,"5,64","5,71","3684,21",0,0,0,0,0,0,P,0,0,0,Riserva,Riserva,"78,7", ,0,8,0, , ,FALSE,FALSE,Sul mercato,2026-08-20T09:36:19.000Z,-1
EL AYNAOUI,Roma,ROM,C,"3,1",1,2-5,1-2,8,64,"6,19",,6271,0,0,0,0,"5,98","6,1","5526,32",0,0,0,0,0,0,P,0,0,0,Riserva,Riserva,"60,3", ,0,7,0, , ,FALSE,FALSE,,2026-08-20T09:36:19.000Z,-2
BORRELLI,Cagliari,CAG,A,"3,7",1,3-5,1-2,6,70,"6,28",,6243,0,0,0,0,"5,92","6,46","6842,11",0,0,0,0,0,0,P,0,0,0,Jolly,Jolly,"23,7", ,0,10,0, , ,FALSE,FALSE,,2026-08-20T09:36:19.000Z,-3
DODÒ,Fiorentina,FIO,D,"20,7","12,8",16-26,10-16,5,76,"6,21",,5885,0,0,0,0,"5,99","6,03","9473,68",0,0,0,0,0,0,P,0,0,0,TitLowCost,TitLowCost,3, ,0,2,0, , ,FALSE,FALSE,"Sul mercato, in attesa di offerte, non è piu il titolare sicuro",2026-08-20T09:36:19.000Z,-8
WESLEY,Roma,ROM,D,"88,5","76,4",83-95,62-92,1,92,"6,53",,7181,0,0,0,0,"6,12","6,47","7894,74",0,0,0,0,0,0,T,0,0,0,Top,Top,0,"Esterno dinamico, che salta l'uomo e non si ferma mai durante la partita. Giocatore imprescindibile per Gasperini. La scorsa stagione l'allenatore è stato costretto a dirottarlo a sinistra e crediamo che in quella posizione renda ancor meglio che in quella sua naturale. Top di reparto.",0,8,0, , ,FALSE,FALSE,,2026-08-20T09:36:19.000Z,-13
JOAO MARIO,Fiorentina,FIO,D,"6,1",1,5-9,1-2,8,72,"6,01",,7175,0,0,0,0,"5,79",6,"3684,21",0,0,0,0,0,0,P,0,0,0,Jolly,Jolly,"23,7", ,0,2,0, , ,FALSE,FALSE,,2026-08-20T09:36:19.000Z,-5
SUCIC P.,Inter,INT,C,"22,1","18,4",18-27,14-23,5,80,"6,54",,7070,0,0,0,0,"6,07","6,27","7368,42",0,0,0,0,0,0,B,0,0,0,TitLowCost,TitLowCost,0,"La scorsa stagione è stata di ambientamento, ma ha le qualità e la capacità di portare bonus. Anche da subentrante può fare la differenza. L'età dei suoi compagni di reparto avanza e lui dalla sua parte ha la gioventù.",0,8,0, , ,FALSE,FALSE,,2026-08-20T09:36:19.000Z,-4
VITIK,Bologna,BOL,D,"3,4",1,3-5,1-2,8,88,"6,02",,7068,0,0,0,0,"5,94","5,86","4736,84",0,0,0,0,0,0,T,0,0,0,TitLowCost,TitLowCost,"41,9",Nella passata stagione ha giocato poco e non ha portato bonus. Alcune prestazioni discrete e altre abbastanza negative. Parte dietro nelle gerarchie.,0,4,0, , ,FALSE,FALSE,,2026-08-20T09:36:19.000Z,-2
BOLOCA,Sassuolo,SAS,C,2,1,2-3,1-2,8,46,"5,98",,6219,0,0,0,0,"5,75","5,75","526,32",0,0,0,0,0,0,P,0,0,4,Riserva,Riserva,"98,4", ,0,7,0, , ,TRUE,FALSE,,2026-08-20T09:36:19.000Z,-1
DOIG,Sassuolo,SAS,D,"5,9","2,7",5-8,3-4,7,76,"6,12",,5851,0,0,0,0,"5,85","5,76","7105,26",0,0,0,0,0,0,P,0,0,0,TitLowCost,TitLowCost,"29,7", ,0,5,0, , ,FALSE,FALSE,,2026-08-20T09:36:19.000Z,-3
IANNONI,Sassuolo,SAS,C,2,1,2-3,1-2,8,50,"5,96",,7157,0,0,0,0,6,"6,5","1315,79",0,0,0,0,0,0,P,0,0,0,Riserva,Riserva,"97,8", ,0,6,0, , ,FALSE,FALSE,,2026-08-20T09:36:19.000Z,-1
LUCUMÌ,Juventus,JUV,D,"25,2","18,1",22-30,14-23,4,88,"6,16",,6042,0,0,0,0,"5,88","5,89","7368,42",0,0,0,0,0,0,T,0,0,0,OttimoTit,OttimoTit,"40,8",Sarà il nuovo centrale titolare della Juventus. Farà coppia con Bremer e crediamo che insieme costituiscano un bel tandem difensivo. Giocando in una big il suo valore sale.,0,4,0, , ,FALSE,FALSE,,2026-08-20T09:36:19.000Z,-7
ABOUKHLAL,Torino,TOR,C,"2,2",1,2-3,1-2,8,50,"6,12",,7183,0,0,0,0,"5,77","5,64","2894,74",0,0,0,0,0,0,P,0,0,0,Riserva,Riserva,"96,7", ,0,5,0, , ,FALSE,FALSE,,2026-08-20T09:36:19.000Z,-1
BAYO V.,Udinese,UDI,A,"1,9",1,2-3,1-2,6,52,"6,19",,7161,0,0,0,0,"5,75","5,83","3157,89",0,0,0,0,0,0,P,0,0,0,Riserva,Riserva,"78,9", ,0,10,0, , ,FALSE,FALSE,,2026-08-20T09:36:19.000Z,-1
ORDONEZ C.,Parma,PAR,C,"3,2",1,3-4,1-2,8,52,"5,91",,7138,0,0,0,0,"5,79","5,81","5526,32",0,0,0,0,0,0,P,0,0,0,Riserva,Riserva,"96,2", ,0,8,0, , ,FALSE,FALSE,,2026-08-20T09:36:19.000Z,-2
BERTOLA,Udinese,UDI,D,"3,5","7,8",3-5,6-10,6,78,"6,15",,5820,0,0,0,0,"5,86","5,84","6578,95",0,0,0,0,0,0,B,0,0,0,TitLowCost,TitLowCost,"38,8", ,0,3,0, , ,FALSE,FALSE,,2026-08-20T09:36:19.000Z,4
SULEMANA K.,Atalanta,ATA,A,"3,1",1,3-5,1-2,6,51,"6,35",,5918,0,0,0,0,6,"6,24","5526,32",0,0,0,0,0,0,P,0,0,1,Riserva,Riserva,"37,9", ,0,9,0, , ,TRUE,FALSE,,2026-08-20T09:36:19.000Z,-2
RODRIGUEZ JE.,Como,COM,C,28,23,23-34,18-29,4,80,"6,59",,7129,0,0,0,0,"6,25","6,66","7368,42",0,0,0,0,0,0,P,0,0,0,OttimoTit,OttimoTit,"0,2", ,0,10,0, , ,FALSE,FALSE,,2026-08-20T09:36:19.000Z,-5
MISSORI,Sassuolo,SAS,D,"2,2",1,2-3,1-2,8,52,"5,94",,6189,0,0,0,0,0,0,0,0,0,0,0,0,0,P,0,0,0,Riserva,Riserva,"73,2", ,0,2,0, , ,FALSE,TRUE,,2026-08-20T09:36:19.000Z,-1
MORO L.,Sassuolo,SAS,A,2,1,2-3,1-2,6,50,"6,19",,7158,0,0,0,0,"5,58","5,5","1578,95",0,0,0,0,0,0,P,0,0,0,Riserva,Riserva,"93,1", ,0,10,0, , ,FALSE,FALSE,,2026-08-20T09:36:19.000Z,-1
VOLPATO,Sassuolo,SAS,C,"4,8",1,4-7,1-2,8,72,"6,2",,5735,0,0,0,0,"6,14","6,52","5526,32",0,0,0,0,0,0,P,0,0,0,Jolly,Jolly,"36,3", ,0,9,0, , ,FALSE,FALSE,,2026-08-20T09:36:19.000Z,-4
KONÈ I.,Sassuolo,SAS,C,"4,8",1,3-7,1-2,8,61,"6,4",,6717,0,0,0,0,"6,19","6,63","9210,53",0,0,0,0,0,0,T,0,0,15,Riserva,Riserva,57,"Lo scorso anno ha fatto innamorare tanti fantallenatori, però quest'anno dovrà stare fuori per parecchi mesi a causa di un brutto infortunio. Potete decidere di prenderlo a pochissimi crediti per ritrovarvelo in rose nella seconda metà della stagione.",0,8,0, , ,FALSE,FALSE,,2026-08-20T09:36:19.000Z,-4
PESSINA MAS.,Bologna,BOL,P,"1,9",1,2-3,1-2,3,20,"5,05",,7172,0,0,0,0,"6,12","5,62","1052,63",0,0,0,0,0,0,P,0,0,0,Riserva,Riserva,"41,7", ,0,1,0, , ,FALSE,FALSE,,2026-08-20T09:36:19.000Z,-1
RUSSO A.,Sassuolo,SAS,P,2,1,2-3,1-2,3,10,"4,5",,4518,0,0,0,0,0,0,0,0,0,0,0,0,0,P,0,0,0,Riserva,Riserva,"97,1", ,0,1,0, , ,FALSE,TRUE,,2026-08-20T09:36:19.000Z,-1
IDRISSI R.,Cagliari,CAG,D,"2,4",1,3-3,1-2,8,55,"5,96",,7125,0,0,0,0,"5,82","6,09","4473,68",0,0,0,0,0,0,P,0,0,8,Riserva,Riserva,"95,1", ,0,9,0, , ,FALSE,FALSE,,2026-08-20T09:36:19.000Z,-1
PIERAGNOLO,Sassuolo,SAS,D,"2,3",1,2-3,1-2,8,41,"5,93",,7156,0,0,0,0,0,0,0,0,0,0,0,0,0,P,0,0,8,Riserva,Riserva,"98,9", ,0,5,0, , ,FALSE,FALSE,,2026-08-20T09:36:19.000Z,-1
LIPANI,Sassuolo,SAS,C,"2,4",1,3-3,1-2,8,64,"5,99",,6246,0,0,0,0,"5,93","5,9","5526,32",0,0,0,0,0,0,P,0,0,0,Riserva,Riserva,"83,6", ,0,8,0, , ,FALSE,FALSE,,2026-08-20T09:36:19.000Z,-1
FLORIANI MUSSOLINI,Lazio,LAZ,D,"2,7",1,3-4,1-2,8,52,"5,96",,7131,0,0,0,0,"5,72","5,72","6052,63",0,0,0,0,0,0,P,0,0,0,Riserva,Riserva,"65,4", ,0,2,0, , ,FALSE,FALSE,,2026-08-20T09:36:19.000Z,-2
OSTIGARD,Genoa,GEN,D,"39,4","36,4",36-44,28-46,2,92,"6,26",,5750,0,0,0,0,"6,13","6,52","7894,74",0,0,0,0,0,0,T,20,0,0,OttimoTit,OttimoTit,0,"Fisico, dominante nei duelli aerei e molto aggressivo. Ha un ottimo senso del posizionamento e sa colpire di testa anche in fase offensiva. Forte nelle palle inattive e nei contrasti, ha migliorato la gestione della palla sotto pressione. Nell'ultima stagione ha segnato 5 gol.",0,3,0, , ,FALSE,FALSE,,2026-08-20T09:36:19.000Z,-3
RAMON,Como,COM,D,"38,1","30,7",34-44,24-39,2,92,"6,22",,6869,0,0,0,0,"6,16","6,14","8421,05",0,0,0,0,0,0,T,0,0,0,OttimoTit,OttimoTit,0,"Il Nico Paz della difesa. Fondamentale per la cavalcata Champions. 32 presenze, 2 gol e tante partite oltre la sufficienza. Vale la pena puntare su di lui anche quest'anno.",0,4,0, , ,FALSE,FALSE,,2026-08-20T09:36:19.000Z,-7
LEZZERINI,Fiorentina,FIO,P,"1,8",1,2-3,1-2,3,10,"5,12",,158,0,0,0,0,0,0,0,0,0,0,0,0,0,P,0,0,0,Riserva,Riserva,"57,6", ,0,1,0, , ,FALSE,FALSE,,2026-08-20T09:36:19.000Z,-1
PIOTROWSKI,Udinese,UDI,C,"2,5","7,6",2-4,6-10,6,84,"6,38",,7198,0,0,0,0,"5,88","5,95","7894,74",0,0,0,0,0,0,B,0,0,0,TitLowCost,TitLowCost,"56,3", ,0,8,0, , ,FALSE,FALSE,,2026-08-20T09:36:19.000Z,5
LITETA,Cagliari,CAG,C,"2,4",1,3-3,1-2,8,48,"5,92",,7165,0,0,0,0,"5,75","5,75","1052,63",0,0,0,0,0,0,P,0,0,0,Riserva,Riserva,"99,6", ,0,6,0, , ,FALSE,FALSE,,2026-08-20T09:36:19.000Z,-1
PALMA,Udinese,UDI,D,"2,8","7,9",3-4,6-10,6,86,"6,09",,6925,0,0,0,0,"5,5","5,5","1052,63",0,0,0,0,0,0,B,0,0,0,TitLowCost,TitLowCost,"85,1", ,0,3,0, , ,FALSE,TRUE,,2026-08-20T09:36:19.000Z,5
NDABA,Lecce,LEC,D,2,1,2-2,1-2,8,72,"5,91",,7182,0,0,0,0,"5,5","5,5","2368,42",0,0,0,0,0,0,P,0,0,0,Jolly,Jolly,"99,8", ,0,5,0, , ,FALSE,FALSE,,2026-08-20T09:36:19.000Z,-1
JASHARI,Milan,MIL,C,"3,4",1,3-5,1-2,8,72,"6,08",,7203,0,0,0,0,"5,71","5,79","3157,89",0,0,0,0,0,0,P,0,0,0,Jolly,Jolly,"53,2","Nella passata stagione non è riuscito praticamente mai a entrare nelle rotazioni, salvo quando Modric si è dovuto fermare per il colpo subito al volto. La sua esperienza in rossonero è partita in salita. Prima la forte pressione dovuta dal prezzo alto pagato per il cartellino, poi l'infortunio che lo ha tenuto fuori per gran parte dell'inizio della stagione. Quest'anno presumibilmente avrà più spazio, ma resta comunque una riserva e se ci si vuole puntare va trattato come scommessa low cost.",0,6,0, , ,FALSE,FALSE,,2026-08-20T09:36:19.000Z,-2
NDIAYE,Parma,PAR,D,"1,6",1,2-2,1-2,8,52,"5,9",,7202,0,0,0,0,"5,59","5,36","2894,74",0,0,0,0,0,0,P,0,0,0,Riserva,Riserva,98, ,0,3,0, , ,FALSE,FALSE,,2026-08-20T09:36:19.000Z,-1
CHRISTENSEN O.,Fiorentina,FIO,P,"1,8",1,2-3,1-2,3,20,"4,94",,6403,0,0,0,0,"7,5","6,5","263,16",0,0,0,0,0,0,P,0,0,0,Riserva,Riserva,"10,1", ,0,1,0, , ,FALSE,FALSE,,2026-08-20T09:36:19.000Z,-1
IDZES,Sassuolo,SAS,D,"9,2","8,2",8-12,7-11,6,92,"6,05",,6672,0,0,0,0,"5,94","5,9","9210,53",0,0,0,0,0,0,T,0,0,0,TitLowCost,TitLowCost,"1,1","Centrale difensivo solido e affidabile. Forte nei duelli aerei e negli anticipi, legge bene le situazioni e dà equilibrio alla linea. È uno dei pilastri della retroguardia. Senza Muharemovic avrà ancora più responsabilità. Buono per completare il reparto dei difensori, da ultimi slot a cifre contenute.",0,4,0, , ,FALSE,FALSE,,2026-08-20T09:36:19.000Z,-1
MORATA,Como,COM,A,"2,9",1,3-4,1-2,6,72,"6,32",,313,0,0,0,0,"5,5","5,21","4473,68",0,0,0,0,0,0,P,0,0,0,Jolly,Jolly,"38,5", ,0,11,0, , ,FALSE,FALSE,,2026-08-20T09:36:19.000Z,-2
MURIC,Sassuolo,SAS,P,"18,3","45,5",14-23,35-57,1,91,"5,14",,4236,0,0,0,0,"6,08","4,77","8421,05",0,0,0,0,0,0,T,0,0,0,OttimoTit,OttimoTit,"5,3", ,0,1,0, , ,FALSE,FALSE,,2026-08-20T09:36:19.000Z,28
MILLER L.,Udinese,UDI,C,"2,4",1,2-3,1-2,8,80,"6,26",,7208,0,0,0,0,"5,92","5,95",5000,0,0,0,0,0,0,B,0,0,0,TitLowCost,TitLowCost,"84,5", ,0,8,0, , ,FALSE,FALSE,,2026-08-20T09:36:19.000Z,-1
CANDÈ,Sassuolo,SAS,D,"2,4",1,2-4,1-2,8,46,"5,91",,6985,0,0,0,0,"5,69","5,56","2105,26",0,0,0,0,0,0,P,0,0,4,Riserva,Riserva,"74,9", ,0,5,0, , ,FALSE,FALSE,,2026-08-20T09:36:19.000Z,-1
SORENSEN O.,Parma,PAR,C,"2,6",1,3-3,1-2,8,52,"6,03",,7209,0,0,0,0,"5,85","5,95","7894,74",0,0,0,0,0,0,P,0,0,0,Riserva,Riserva,90, ,0,8,0, , ,FALSE,FALSE,,2026-08-20T09:36:19.000Z,-2
HEGGEM,Bologna,BOL,D,"8,4","16,6",7-11,13-21,5,88,"6,14",,7212,0,0,0,0,"5,84","5,8","6578,95",0,0,0,0,0,0,T,0,0,0,OttimoTit,OttimoTit,"3,5","Sarà uno dei titolari della coppia di centrali di difesa. Da capire come si troverà a giocare con la linea difensiva così alta, ma in generale è un buon difensore low cost, dato che viene utilizzato sempre e che sugli sviluppi da calcio piazzato risulta spesso pericoloso.",0,3,0, , ,FALSE,FALSE,,2026-08-20T09:36:19.000Z,9
FRIGAN,Parma,PAR,A,"3,1",1,3-5,1-2,6,49,"6,16",,7213,0,0,0,0,0,0,0,0,0,0,0,0,0,P,0,0,0,Riserva,Riserva,"40,5", ,0,10,0, , ,FALSE,FALSE,,2026-08-20T09:36:19.000Z,-2
ADZIC,Sassuolo,SAS,C,15,"6,7",11-20,6-9,6,77,"6,44",,6677,0,0,0,0,"6,12","6,88","1052,63",0,0,0,0,0,0,T,0,10,0,TitLowCost,TitLowCost,"1,3", ,0,6,0, , ,FALSE,FALSE,,2026-08-20T09:36:19.000Z,-8
TROILO,Parma,PAR,D,4,"2,8",3-6,3-4,7,92,"6,01",,7235,0,0,0,0,"5,79","5,71","5526,32",0,0,0,0,0,0,T,0,0,0,TitLowCost,TitLowCost,"31,9", ,0,3,0, , ,FALSE,FALSE,,2026-08-20T09:36:19.000Z,-1
ILKHAN,Torino,TOR,C,"2,1",1,2-3,1-2,8,70,"6,06",,6005,0,0,0,0,"5,82",6,"4473,68",0,0,0,0,0,0,P,0,0,0,Jolly,Jolly,"93,3", ,0,7,0, , ,FALSE,FALSE,,2026-08-20T09:36:19.000Z,-1
ROWE,Bologna,BOL,C,"65,3","83,6",59-72,67-101,2,92,"6,83",,6844,0,0,0,0,"6,2","6,59","7368,42",0,0,0,0,0,0,T,0,0,0,OttimoTit,OttimoTit,0,"Giocatore davvero forte, che dopo aver rotto il ghiaccio con la Serie A, quest'anno è pronto a fare ancora meglio della passata stagione. Il gioco e il modulo di Tedesco sembrano fatti apposta per le sue caratteristiche. ",0,11,0, , ,FALSE,FALSE,,2026-08-20T09:36:19.000Z,19
DIOUF,Inter,INT,C,29,"12,3",24-35,10-16,5,76,"6,53",,6274,0,0,0,0,"6,15","6,45","2631,58",0,0,0,0,0,0,P,0,0,0,TitLowCost,TitLowCost,0,"Chivu pensa che possa ricoprire il ruolo di quinto di centrocampo e a vedere le amichevoli estive non sbaglia. Può essere una bella scommessa, ovviamente senza esagerare e senza farsi trasportare dai gol nella pre season.",0,5,0, , ,FALSE,FALSE,,2026-08-20T09:36:19.000Z,-17
MATIC,Sassuolo,SAS,C,"3,3",1,3-5,1-2,8,90,"6,15",,2528,0,0,0,0,"5,96","5,96","8947,37",0,0,0,0,0,0,T,0,0,0,TitLowCost,TitLowCost,"30,8", ,0,7,0, , ,FALSE,FALSE,,2026-08-20T09:36:19.000Z,-2
SIEBERT,Lecce,LEC,D,"2,4",1,2-3,1-2,8,92,6,,7240,0,0,0,0,"5,68","5,76",5000,0,0,0,0,0,0,T,0,0,0,TitLowCost,TitLowCost,"81,1", ,0,3,0, , ,FALSE,FALSE,,2026-08-20T09:36:19.000Z,-1
STULIC,Lecce,LEC,A,"5,3","21,7",4-8,17-28,5,84,"6,37",,7252,0,0,0,0,"5,73","6,12","7894,74",0,0,0,0,0,0,B,20,0,0,TitLowCost,TitLowCost,"8,8","Il primo anno di Serie A per lui è stato molto duro per lui, ma sicuramente gli avrà fatto bene per imparare. Va trattato come un quinto/sesto slot a cifre contenute.",0,10,0, , ,FALSE,FALSE,,2026-08-20T09:36:19.000Z,17
BELLA-KOTCHAP,Venezia,VEN,D,"5,9","7,1",5-8,6-9,7,92,"6,05",,7253,0,0,0,0,"5,83","5,75","4736,84",0,0,0,0,0,0,T,0,0,0,TitLowCost,TitLowCost,"6,2","Ha già giocato in Serie A quest'anno con discreti risultati nel Verona. Sara il titolare. Non aspettatevi bonus, né di poterlo schierare in ogni occasione. Sarà un rincalzo nella vostra rosa, che però potrebbe risultare utile in determinati momenti della stagione.",0,3,0, , ,FALSE,FALSE,,2026-08-20T09:36:19.000Z,1
BRITSCHGI,Parma,PAR,D,"2,8","11,9",3-4,9-15,6,90,"6,09",,7255,0,0,0,0,"5,75","5,7","7368,42",0,0,0,0,0,0,T,0,0,0,TitLowCost,TitLowCost,76, ,0,5,0, , ,FALSE,FALSE,,2026-08-20T09:36:19.000Z,9
ORISTANIO,Torino,TOR,C,"6,1",1,4-9,1-2,7,75,"6,37",,6218,"6929,82",0,0,0,"5,78","5,92","4736,84",0,0,0,0,0,0,P,0,30,0,TitLowCost,TitLowCost,"12,6", ,0,11,0, , ,FALSE,FALSE,,2026-08-20T09:36:19.000Z,-5
NKUNKU,Milan,MIL,A,"21,5","1,3",11-33,1-2,5,52,"6,65",,4728,0,0,0,0,"5,94","6,87","6842,11",0,0,0,0,0,0,P,0,0,0,Riserva,Riserva,"6,4", ,0,10,0, , ,FALSE,FALSE,Fuori piano,2026-08-20T09:36:19.000Z,-21
ZIOLKOWSKI,Roma,ROM,D,"1,8",1,2-3,1-2,8,52,"5,95",,7260,0,0,0,0,"5,94","5,78","2368,42",0,0,0,0,0,0,P,0,0,0,Riserva,Riserva,"93,3", ,0,3,0, , ,FALSE,FALSE,,2026-08-20T09:36:19.000Z,-1
HOJLUND,Napoli,NAP,A,273,"296,8",254-293,268-327,1,92,"7,26",,6052,0,0,0,0,"6,21","7,44","8684,21",0,0,0,0,0,0,T,20,0,0,Top,Top,0,"È la punta che Allegri ha tanto voluto, ma che non gli è stata presa lo scorso anno al Milan. Quest'anno ce l'avrà a disposizione ed è perfetto per il suo gioco. Sa far salire la squadra e farsi trovare in area al momento giusto. Quest'anno secondo noi segnerà più dello scorso anno. Primo slot.",0,10,0, , ,FALSE,FALSE,,2026-08-20T09:36:19.000Z,24
ZHEGROVA,Juventus,JUV,C,"6,9",1,5-10,1-2,8,52,"6,36",,5761,0,0,0,0,"5,96","5,96","3157,89",0,0,0,0,0,0,P,0,0,0,Riserva,Riserva,"16,1", ,0,8,0, , ,FALSE,FALSE,,2026-08-20T09:36:19.000Z,-6
RABIOT,Milan,MIL,C,"82,5","82,3",77-89,66-99,2,92,"6,82",,2379,0,0,0,0,"6,33","6,98","7631,58",0,0,0,0,0,0,T,0,0,0,OttimoTit,OttimoTit,0,Uno dei migliori centrocampisti per rendimento nella passata stagione. Idealmente con Amorim potrebbe portare anche più bonus. È centrale nel progetto e le chiavi del centrocampo sono le sue. Giocatore imprescindibile per il Milan e che va preso anche all'asta.,0,7,0, , ,FALSE,FALSE,,2026-08-20T09:36:19.000Z,-1
AKANJI,Inter,INT,D,"57,3","45,3",53-63,34-57,2,92,"6,33",,4159,0,0,0,0,"6,28","6,41","8421,05",0,0,0,0,0,0,T,0,0,0,Semi-Top,Semi-Top,0,"Leader della retroguardia, ha portato esperienza e cattiveria. I bonus non sono il suo forte, ma porta sempre ottimi voti. Perfetto per il modificatore.",0,2,0, , ,FALSE,FALSE,,2026-08-20T09:36:19.000Z,-12
ZANIOLO,Udinese,UDI,C,"100,3",92,93-109,74-111,1,92,"6,9",,2766,0,0,0,0,"6,26","6,77","8157,89",0,0,0,0,0,0,T,30,50,0,Semi-Top,Semi-Top,0,"Il talento più importante e carismatico. Trequartista/seconda punta di qualità, fisico e tecnico. Ama inventare, dribblare, calciare e arrivare in zona gol. Quando è in giornata è il giocatore più decisivo della squadra. Ha risolto i suoi problemi di contratto col club ed è pronto a ripartire con la maglia dell'Udinese. Secondo slot.",0,10,0, , ,FALSE,FALSE,,2026-08-20T09:36:19.000Z,-8
GUEYE,Udinese,UDI,A,"2,6",1,3-4,1-2,6,52,"6,24",,7272,0,0,0,0,"5,77","5,92","3421,05",0,0,0,0,0,0,P,0,0,0,Riserva,Riserva,"77,1", ,0,11,0, , ,FALSE,FALSE,,2026-08-20T09:36:19.000Z,-2
RODRIGUEZ JU.,Cagliari,CAG,D,"3,7","2,4",3-5,2-3,8,88,"6,03",,7268,0,0,0,0,"5,62","5,72","4210,53",0,0,0,0,0,0,T,0,0,0,TitLowCost,TitLowCost,"42,3", ,0,4,0, , ,FALSE,FALSE,,2026-08-20T09:36:19.000Z,-2
ZÈ PEDRO,Cagliari,CAG,D,"3,8","3,8",3-5,3-5,7,88,"6,05",,7274,0,0,0,0,"5,77","5,68","5789,47",0,0,0,0,0,0,T,0,0,0,TitLowCost,TitLowCost,"25,9", ,0,2,0, , ,FALSE,FALSE,,2026-08-20T09:36:19.000Z,0
NICOLUSSI CAVIGLIA,Parma,PAR,C,"3,8",1,3-6,1-2,8,83,"6,24",,4349,"5614,04",0,0,0,"5,89","6,02","6052,63",0,0,0,0,0,0,T,0,10,4,TitLowCost,TitLowCost,"24,8", ,0,8,0, , ,FALSE,FALSE,,2026-08-20T09:36:19.000Z,-3
CREMASCHI,Parma,PAR,C,"1,8",1,2-3,1-2,8,44,"6,03",,7276,0,0,0,0,6,6,"263,16",0,0,0,0,0,0,P,0,0,8,Riserva,Riserva,98, ,0,6,0, , ,FALSE,FALSE,,2026-08-20T09:36:19.000Z,-1
VERGARA,Napoli,NAP,C,"12,2",1,9-16,1-2,8,64,"6,41",,7223,0,0,0,0,"6,25","6,5","2105,26",0,0,0,0,0,0,P,0,0,0,Riserva,Riserva,"6,8","Il ragazzo ha rinnovato il contratto, segno che il Napoli crede molto in lui. Sono state rispedite al mittente tante offerte arrivate per lui. Allegri lo vede mezzala e vuole provare a utilizzarlo in quel ruolo. Potrebbe essere una mossa interessante e lui una buona scommessa al fanta.",0,6,0, , ,FALSE,FALSE,,2026-08-20T09:36:19.000Z,-11
KOUADIO,Monza,MON,D,"2,4",1,2-4,1-2,8,65,"5,69",,7238,0,0,0,0,6,6,"263,16",0,0,0,0,0,0,P,0,0,0,Riserva,Riserva,"56,1", ,0,2,0, , ,FALSE,FALSE,,2026-08-20T09:36:19.000Z,-1
BERNASCONI,Atalanta,ATA,D,24,"27,4",21-28,21-35,3,88,"6,23",,7219,0,0,0,0,"6,09","6,16","5789,47",0,0,0,0,0,0,T,0,0,0,OttimoTit,OttimoTit,"0,4","Bernasconi verrà utilizzato da terzino, ruolo che comunque si addice perfettamente alle sue caratteristiche. Il gioco dispendioso di Sarri per i terzini, ci porta a pensare che lui avrà un ruolo importante vista la freschezza dovuta all'età. Nel primo anno da giocatore importante per la Dea se l'è cavata bene, quest'anno può crescere ulteriormente.",0,5,0, , ,FALSE,FALSE,,2026-08-20T09:36:19.000Z,3
TORNQVIST,Como,COM,P,"1,8",1,2-3,1-2,3,20,"4,93",,7301,0,0,0,0,0,0,0,0,0,0,0,0,0,P,0,0,0,Riserva,Riserva,"10,8", ,0,1,0, , ,FALSE,FALSE,,2026-08-20T09:36:19.000Z,-1
SHERRI,Cagliari,CAG,P,"1,8",1,2-3,1-2,3,20,"5,02",,6650,0,0,0,0,0,0,0,0,0,0,0,0,0,P,0,0,0,Riserva,Riserva,"79,6", ,0,1,0, , ,FALSE,FALSE,,2026-08-20T09:36:19.000Z,-1
RATKOV,Lazio,LAZ,A,"20,4","25,4",13-29,20-32,4,79,"6,45",,7313,0,0,0,0,"5,64","5,64","1842,11",0,0,0,0,0,0,B,0,0,0,TitLowCost,TitLowCost,"1,3", ,0,10,0, , ,FALSE,FALSE,,2026-08-20T09:36:19.000Z,5
TAYLOR K.,Lazio,LAZ,C,47,"57,8",42-53,47-70,2,92,"6,67",,7314,0,0,0,0,"6,06","6,56","4473,68",0,0,0,0,0,0,T,20,10,0,OttimoTit,OttimoTit,0,"Uno dei migliori acquisti del mercato invernale. Davvero un centrocampista di grande qualità e visione di gioco. I bonus li porta e quest'anno sarà anche più abituato alla Serie A. Titolarità certa, personalità e costanza: si deve prendere. Tra l'altro la Lazio è anche senza coppe e al fanta è un plus.",0,8,0, , ,FALSE,FALSE,,2026-08-20T09:36:19.000Z,11
GORTER,Lecce,LEC,C,"2,1",1,2-4,1-2,8,64,"5,93",,7248,0,0,0,0,"5,5","5,5","263,16",0,0,0,0,0,0,P,0,0,0,Riserva,Riserva,"99,1", ,0,6,0, , ,FALSE,FALSE,,2026-08-20T09:36:19.000Z,-1
GANDELMAN,Lecce,LEC,C,3,"13,1",3-4,10-17,5,92,"6,35",,7318,0,0,0,0,"5,97","6,41","4210,53",0,0,0,0,0,0,T,0,0,0,TitLowCost,TitLowCost,"34,6",Giocatore di ottimo livello e che ha saputo subito adattarsi alla Serie A pur giocando in una squadra che lottava per non retrocedere.,0,8,0, , ,FALSE,FALSE,,2026-08-20T09:36:19.000Z,10
TREPY,Cagliari,CAG,A,"1,9",1,2-3,1-2,6,49,"6,3",,7317,0,0,0,0,"5,67","5,67","789,47",0,0,0,0,0,0,P,0,0,0,Riserva,Riserva,"83,8", ,0,11,0, , ,FALSE,FALSE,,2026-08-20T09:36:19.000Z,-1
ARIZALA,Udinese,UDI,D,"2,2",1,2-3,1-2,8,68,"6,01",,7312,0,0,0,0,"5,8","5,8","1315,79",0,0,0,0,0,0,P,0,0,0,Riserva,Riserva,"97,6", ,0,9,0, , ,FALSE,FALSE,,2026-08-20T09:36:19.000Z,-1
NGOM,Lecce,LEC,C,"2,6",1,3-4,1-2,8,80,"6,16",,7322,0,0,0,0,"5,69","5,65","3421,05",0,0,0,0,0,0,P,0,0,0,TitLowCost,TitLowCost,"85,6", ,0,7,0, , ,FALSE,FALSE,,2026-08-20T09:36:19.000Z,-2
FOFANA SA.,Lecce,LEC,C,"1,7",1,2-3,1-2,8,51,"5,82",,7319,0,0,0,0,"5,5","5,5","526,32",0,0,0,0,0,0,P,0,0,0,Riserva,Riserva,98, ,0,7,0, , ,FALSE,FALSE,,2026-08-20T09:36:19.000Z,-1
MALEN,Roma,ROM,A,"349,4","376,2",329-371,339-414,1,92,"7,53",,5585,0,0,0,0,"6,72","8,97","4736,84",0,0,0,0,0,0,T,40,20,0,Top,Top,0,"Non è un puro centravanti statico, ma bensì atipico, che attacca i canali, taglia e conclude con grande efficacia. Veloce, tecnico e intelligente nei movimenti: perfetto per le verticalizzazioni e le transizioni di Gasperini. Ha strabiliato tutti da gennaio in poi, riuscirà a ripetersi? Noi crediamo di sì.",0,11,0, , ,FALSE,FALSE,,2026-08-20T09:36:19.000Z,27
HELLAND,Bologna,BOL,D,2,1,2-3,1-2,8,60,"5,89",,7326,0,0,0,0,"5,5","5,33","1578,95",0,0,0,0,0,0,P,0,0,0,Riserva,Riserva,"85,1", ,0,3,0, , ,FALSE,FALSE,,2026-08-20T09:36:19.000Z,-1
VAZ,Roma,ROM,A,"2,3",1,2-3,1-2,6,60,"6,27",,6981,0,0,0,0,"5,93","6,36","1842,11",0,0,0,0,0,0,P,0,0,0,Riserva,Riserva,"53,2", ,0,11,0, , ,FALSE,FALSE,potrebbe non rimanere a Roma,2026-08-20T09:36:19.000Z,-1
MOTTA,Lazio,LAZ,P,"3,4",1,3-5,1-2,3,20,"4,8",,7337,0,0,0,0,6,"5,17","2368,42",0,0,0,0,0,0,P,0,0,0,Riserva,Riserva,"5,9","Lo scorso anno a un certo punto si è ritrovato titolare inaspettatamente e non ha sfigurato. In questa stagione però tornerà a essere il vince. Magari nel corso della stagione la gerarchia potrebbe cambiare, per questo se prendete Mandas prendete anche lui.",0,1,0, , ,FALSE,FALSE,,2026-08-20T09:36:19.000Z,-2
ALBARRACIN,Cagliari,CAG,A,"1,8",1,2-3,1-2,6,51,"6,16",,7338,0,0,0,0,6,6,"526,32",0,0,0,0,0,0,P,0,0,0,Riserva,Riserva,"97,3", ,0,10,0, , ,FALSE,FALSE,,2026-08-20T09:36:19.000Z,-1
BIJLOW,Genoa,GEN,P,"27,1","46,8",23-32,36-59,1,91,"5,14",,7332,0,0,0,0,"6,06","4,78","4210,53",0,0,0,0,0,0,T,0,0,0,OttimoTit,OttimoTit,"4,2",Si è dimostrato un portiere affidabile e su cui De Rossi ripone grande fiducia. In rosa può farvi comodo.,0,1,0, , ,FALSE,FALSE,,2026-08-20T09:36:19.000Z,20
BOGA,Juventus,JUV,A,"17,2",25,13-23,19-32,5,68,"6,61",,2832,0,0,0,0,"6,19","7,15","3421,05",0,0,0,0,0,0,P,0,0,0,Riserva,Riserva,0, ,0,10,0, , ,FALSE,FALSE,,2026-08-20T09:36:19.000Z,8
ELPHEGE,Parma,PAR,A,"6,5","12,6",5-9,10-16,5,80,"6,34",,7342,0,0,0,0,6,"6,88","2105,26",0,0,0,0,0,0,P,0,0,0,TitLowCost,TitLowCost,11,È arrivato a gennaio e in pochi sapevano chi fosse. Il ragazzo si è messo a disposizione e si è fatto trovare pronto segnando anche gol importanti. Quest'anno avrà più spazio. Come quinto/sesto slot è un acquisto sensato.,0,11,0, , ,FALSE,FALSE,,2026-08-20T09:36:19.000Z,6
AMORIM,Genoa,GEN,C,"2,4",1,2-4,1-2,8,86,"6,21",,7341,0,0,0,0,"5,72","5,67","2368,42",0,0,0,0,0,0,B,0,0,0,TitLowCost,TitLowCost,"73,4","Quest'anno, dopo sei mesi di ambientamento, crediamo che sarà un titolare nel centrocampo del Genoa. Play maker dai piedi buoni e che può portare anche qualche bonus. Ottimo acquisto se fatto a cifre basse. Scommessa.",0,7,0, , ,FALSE,FALSE,,2026-08-20T09:36:19.000Z,-1
KULENOVIC,Torino,TOR,A,"2,7",1,3-4,1-2,6,74,"6,28",,7349,0,0,0,0,"5,71","5,79","1842,11",0,0,0,0,0,0,P,0,0,0,Jolly,Jolly,"48,3", ,0,10,0, , ,FALSE,FALSE,,2026-08-20T09:36:19.000Z,-2
PRZYBOREK,Lazio,LAZ,C,"1,7",1,2-3,1-2,8,54,"6,07",,7345,0,0,0,0,0,0,0,0,0,0,0,0,0,P,0,0,0,Riserva,Riserva,"98,7", ,0,9,0, , ,FALSE,FALSE,,2026-08-20T09:36:19.000Z,-1
SANTOS A.,Napoli,NAP,A,80,"82,4",70-91,66-99,2,88,"6,74",,7351,0,0,0,0,"6,35","7,23","3421,05",0,0,0,0,0,0,T,0,0,0,OttimoTit,OttimoTit,0,"Ha dimostrato di poter incidere positivamente in Serie A, tanto che il Napoli ha deciso di riscattarlo. Dribbling, velocità e vede la porta. Tutte caratteristiche che Allegri ama nei suoi giocatori d'attacco. Ci sarà da capire quanto sarà disponibile alla fase difensiva. In ogni caso sarà spesso in ballottaggio vista la quantità di esterni presenti nella rosa.",0,11,0, , ,FALSE,FALSE,,2026-08-20T09:36:19.000Z,2
BAKOLA,Sassuolo,SAS,C,3,1,2-5,1-2,8,79,"6,26",,7036,0,0,0,0,"6,17","6,17","789,47",0,0,0,0,0,0,P,0,0,0,TitLowCost,TitLowCost,"57,8", ,0,8,0, , ,FALSE,FALSE,,2026-08-20T09:36:19.000Z,-2
MLACIC,Udinese,UDI,D,"1,7",1,2-3,1-2,8,52,"5,94",,7356,0,0,0,0,"5,83","5,67","789,47",0,0,0,0,0,0,P,0,0,0,Riserva,Riserva,"96,2", ,0,3,0, , ,FALSE,FALSE,,2026-08-20T09:36:19.000Z,-1
CARBONI F.,Parma,PAR,D,"1,8",1,2-3,1-2,8,52,"5,93",,6149,0,0,0,0,6,6,"526,32",0,0,0,0,0,0,P,0,0,0,Riserva,Riserva,"98,2", ,0,9,0, , ,FALSE,FALSE,,2026-08-20T09:36:19.000Z,-1
LAHDO,Como,COM,C,"1,9",1,1-3,1-2,8,46,"6,02",,7357,0,0,0,0,0,0,0,0,0,0,0,0,0,P,0,0,0,Riserva,Riserva,"97,8", ,0,6,0, , ,FALSE,FALSE,,2026-08-20T09:36:19.000Z,-1
SIVIERO,Torino,TOR,P,"2,1",1,2-3,1-2,3,20,"5,37",,7363,0,0,0,0,0,0,0,0,0,0,0,0,0,P,0,0,0,Riserva,Riserva,"96,5", ,0,1,0, , ,FALSE,FALSE,,2026-08-20T09:36:19.000Z,-1
MENDY P.,Cagliari,CAG,A,"5,9","38,1",4-9,29-48,4,78,"6,57",,7374,0,0,0,0,"5,94","6,62","2105,26",0,0,0,0,0,0,B,0,0,0,TitLowCost,TitLowCost,"15,2", ,0,11,0, , ,FALSE,FALSE,,2026-08-20T09:36:19.000Z,32
RAMOS G.,Milan,MIL,A,"287,2","272,1",266-309,245-300,1,92,"7,23",,6397,0,0,0,0,0,0,0,0,0,0,0,0,0,T,20,0,0,Semi-Top,Semi-Top,0,"È un giocatore di caratura internazionale. Purtroppo le ultime stagioni le ha giocate all'ombra di grandissimi campioni, ma quando è stato chiamato in causa ha sempre risposto presente. Ora l'occasione di essere il titolare. Il Milan lo ha voluto fortemente così come Amorim. Se riuscirà presto ad ambientarsi in Serie A, allora saremmo difronte a un possibile colpo Top.",0,11,0, , ,FALSE,TRUE,,2026-08-20T09:36:19.000Z,-15
YEBOAH J.,Venezia,VEN,A,"27,8","58,9",22-34,48-71,3,92,"6,55",,6904,0,0,0,0,0,0,0,0,0,0,0,0,0,T,10,0,0,OttimoTit,OttimoTit,0,"Ci piace tanto e crediamo riuscirà a fare la differenza anche in Serie A. Giocatore veramente di grandissima qualità e intelligenza calcistica. Non chiamiamolo scommessa, è una certezza. Vorremmo dirvi semitop, ma per la squadra in cui gioca dobbiamo tenerci su una fascia più bassa. Dateci retta, va preso.",0,10,0, , ,FALSE,TRUE,,2026-08-20T09:36:19.000Z,31
GHEDJEMIS,Frosinone,FRO,A,"19,7","35,3",15-25,27-45,4,84,"6,47",,6530,0,0,0,0,0,0,0,0,0,0,0,0,0,B,20,20,0,TitLowCost,TitLowCost,0,"Il vero trascinatore della promozione: 15 gol e diversi assist. Mancino naturale, predilige partire largo a destra per rientrare sul piede forte. È un dribblomane puro, rapidissimo negli spazi stretti, con una conduzione di palla molto pulita e un gran numero di tocchi in pochi metri. Ama l’uno contro uno, accelera e cerca costantemente la conclusione. Non è un semplice assist-man: attacca l’area con continuità e ha un fiuto del gol fuori.",0,8,0, , ,FALSE,TRUE,Ha accettato la proposta del Monaco,2026-08-20T09:36:19.000Z,15
RAIMONDO,Frosinone,FRO,A,"15,2","32,8",11-20,25-42,4,92,"6,37",,5436,0,0,0,0,0,0,0,0,0,0,0,0,0,T,10,0,0,TitLowCost,TitLowCost,"1,5","Veloce, ama attaccare lo spazio alle spalle dei centrali e non ama particolarmente giocare spalle alla porta. Ha un ottimo senso della posizione in area, è efficace di testa e di piede, e ha mostrato una grande capacità realizzativa (11 gol nella stagione della promozione).",0,11,0, , ,FALSE,TRUE,,2026-08-20T09:36:19.000Z,18
CALÒ,Frosinone,FRO,C,"24,7","21,2",21-29,16-27,4,88,"6,47",,7472,0,0,0,0,0,0,0,0,0,0,0,0,0,T,70,70,0,OttimoTit,OttimoTit,0,"Nella stagione 2025-26 è stato decisivo sia in fase di costruzione che in inserimento (numeri da top: tanti gol + moltissimi assist). Ha grande visione di gioco, qualità nei passaggi progressivi e capacità di arrivare al tiro da fuori o di inserirsi.",0,6,0, , ,FALSE,TRUE,,2026-08-20T09:36:19.000Z,-4
ADORANTE,Venezia,VEN,A,"2,9",1,2-4,1-2,6,48,"6,52",,4387,0,0,0,0,0,0,0,0,0,0,0,0,0,P,0,0,8,Riserva,Riserva,"38,1", ,0,11,0, , ,FALSE,TRUE,,2026-08-20T09:36:19.000Z,-2
STANKOVIC F.,Venezia,VEN,P,"12,3","17,2",9-16,13-22,2,86,"4,96",,6248,0,0,0,0,0,0,0,0,0,0,0,0,0,B,0,0,0,TitLowCost,TitLowCost,"6,6","Portiere reattivo e moderno. Figlio d’arte, ha buon gioco con i piedi, presenza in area e capacità di costruire dal basso. È il punto fermo tra i pali e uno dei valori più solidi della rosa.",0,1,0, , ,FALSE,TRUE,,2026-08-20T09:36:19.000Z,5
THIAM,Monza,MON,P,"6,7","19,3",5-10,15-25,2,91,"4,93",,4485,0,0,0,0,0,0,0,0,0,0,0,0,0,T,0,0,0,TitLowCost,TitLowCost,"13,7",È lui il portiere titolare del Monza e lo scorso anno ha dimostrato ottime cose. Può essere un buon terzo slot low cost.,0,1,0, , ,FALSE,TRUE,,2026-08-20T09:36:19.000Z,12
RRAHMANI AL.,Venezia,VEN,A,"4,6","24,7",3-7,19-31,5,78,"6,46",,7449,0,0,0,0,0,0,0,0,0,0,0,0,0,P,20,0,0,TitLowCost,TitLowCost,"14,6","Attaccante molto rapido e dotato di ottimo fiuto del gol. Nelle gerarchie però parte dietro ad Adams, quindi si può prendere come sua riserva a 1 credito o come scommessa sempre a 1 credito.",0,11,0, , ,FALSE,TRUE,,2026-08-20T09:36:19.000Z,20
CACCIAMANI,Torino,TOR,C,"12,5","8,4",10-16,7-11,6,88,"6,35",,7060,0,0,0,0,0,0,0,0,0,0,0,0,0,T,0,0,0,TitLowCost,TitLowCost,"1,7", ,0,9,0, , ,FALSE,TRUE,La Roma lo cerca con insistenza,2026-08-20T09:36:19.000Z,-5
PESSINA,Monza,MON,C,"9,4","4,9",6-14,4-7,7,75,"6,45",,2741,0,0,0,0,0,0,0,0,0,0,0,0,0,T,70,30,8,TitLowCost,TitLowCost,"18,6","Ha buona visione di gioco, tecnica pulita e capacità di leggere gli spazi tra le linee. È una “mezzala moderna” che unisce inserimenti offensivi, lavoro difensivo e personalità. Nel Monza è il capitano e leader, come giocatore affidabile da quinto/sesto slot si può prendere.",0,7,0, , ,TRUE,TRUE,,2026-08-20T09:36:19.000Z,-4
BUSIO,Venezia,VEN,C,"8,2",9,6-11,7-12,6,92,"6,32",,5507,0,0,0,0,0,0,0,0,0,0,0,0,0,T,0,70,0,TitLowCost,TitLowCost,"2,2","Il motore del centrocampo. Dinamico, tecnico e con buon senso del gol. Inserisce, recupera e contribuisce in entrambe le fasi: uno dei più completi della mediana. Come sesto/settimo slot può essere valido.",0,7,0, , ,FALSE,TRUE,,2026-08-20T09:36:19.000Z,1
PALMISANI,Frosinone,FRO,P,"3,8","5,8",3-6,5-8,2,86,"4,72",,6415,0,0,0,0,0,0,0,0,0,0,0,0,0,B,0,0,0,TitLowCost,TitLowCost,25, ,0,1,0, , ,FALSE,TRUE,,2026-08-20T09:36:19.000Z,2
KAIKI,Como,COM,D,"21,7","27,8",19-26,21-35,3,88,"6,23",,7414,0,0,0,0,0,0,0,0,0,0,0,0,0,B,0,0,0,OttimoTit,OttimoTit,0,"Fabregas lo aveva cercato anche a gennaio, ma il Cruzeiro bloccò il suo trasferimento. In questa sessione estiva il Como è tornato subito all'attacco per acquistarlo, segno che l'allenatore ci crede molto. Crediamo che sarà lui il titolare come terzino sinistro. Non è un goleador, ma ha grande propensione offensiva e sforna tanti cross. I +1 sono nelle sue corde.",0,5,0, , ,FALSE,TRUE,,2026-08-20T09:36:19.000Z,6
MUTANDWA,Cagliari,CAG,A,"2,3","4,1",2-3,4-6,5,52,"6,69",,6598,0,0,0,0,0,0,0,0,0,0,0,0,0,P,0,0,0,Riserva,Riserva,"43,6", ,0,11,0, , ,FALSE,TRUE,,2026-08-20T09:36:19.000Z,2
COLPANI,Monza,MON,C,20,"19,4",16-25,15-25,4,92,"6,41",,5878,0,0,0,0,0,0,0,0,0,0,0,0,0,T,0,60,0,OttimoTit,OttimoTit,0, ,0,9,0, , ,FALSE,TRUE,,2026-08-20T09:36:19.000Z,-1
HAVEL,Genoa,GEN,A,"2,1",14,2-3,11-18,5,64,"6,56",,7453,0,0,0,0,0,0,0,0,0,0,0,0,0,P,0,0,0,Riserva,Riserva,"61,8", ,0,11,0, , ,FALSE,TRUE,,2026-08-20T09:36:19.000Z,12
DRAGUSIN,Fiorentina,FIO,D,31,"25,8",28-35,20-33,3,84,"6,25",,5365,0,0,0,0,0,0,0,0,0,0,0,0,0,T,0,0,0,OttimoTit,OttimoTit,0,Sarà uno dei due titolari nei centrali di difesa della Fiorentina. In Serie A ha già dimostrato di poter dire la sua e di poter anche portare bonus sugli sviluppi da calcio piazzato.,0,3,0, , ,FALSE,TRUE,,2026-08-20T09:36:19.000Z,-5
MEICHTRY,Genoa,GEN,C,"2,7",1,3-4,1-2,8,70,"6,42",,7409,0,0,0,0,0,0,0,0,0,0,0,0,0,P,0,0,0,Jolly,Jolly,"72,9","Ci intriga parecchio. Nella passata stagione in Svizzera ha totalizzato 6 reti. Grandi doti fisiche e capacità d'inserimento. Non parte avanti nelle gerarchie, ma crediamo che potrà ritagliarsi il suo spazio.",0,6,0, , ,FALSE,TRUE,,2026-08-20T09:36:19.000Z,-2
STANKOVIC A.,Inter,INT,C,"6,1",1,4-9,1-2,8,70,"6,4",,6503,0,0,0,0,0,0,0,0,0,0,0,0,0,P,0,0,0,Jolly,Jolly,"29,4", ,0,7,0, , ,FALSE,TRUE,,2026-08-20T09:36:19.000Z,-5
KOUTSOUPIAS,Frosinone,FRO,C,"2,6",1,2-4,1-2,8,88,"6,13",,7474,0,0,0,0,0,0,0,0,0,0,0,0,0,B,0,0,0,TitLowCost,TitLowCost,"78,5", ,0,9,0, , ,FALSE,TRUE,,2026-08-20T09:36:19.000Z,-2
KVERNADZE,Frosinone,FRO,A,"7,1","2,4",5-10,2-3,5,88,"6,19",,6204,0,0,0,0,0,0,0,0,0,0,0,0,0,T,0,10,0,TitLowCost,TitLowCost,7,"Buona velocità e capacità di 1vs1, sa sia stare largo che accentrarsi. Ha un buon tiro e capacità di creare superiorità numerica. Nella stagione della promozione ha dimostrato di saper essere decisivo sia in fase di finalizzazione che di assist.",0,10,0, , ,FALSE,TRUE,,2026-08-20T09:36:19.000Z,-5
MOTA,Monza,MON,A,"9,8","12,4",7-14,10-16,5,82,"6,32",,5882,0,0,0,0,0,0,0,0,0,0,0,0,0,B,10,0,0,TitLowCost,TitLowCost,"3,5","Versatile, può giocare da seconda punta, esterno o trequartista. Veloce, tecnico nello stretto e abile nell’uno contro uno. Ha buon dribbling, capacità di creare e anche di finalizzare. Non è un pure centravanti, ma un attaccante moderno che si muove tanto, pressa e lega il gioco. Spesso decisivo nelle azioni di qualità. In Serie A ha già dimostrato di poter fare il suo.",0,10,0, , ,FALSE,TRUE,,2026-08-20T09:36:19.000Z,2
UNAI GOMEZ,Udinese,UDI,C,"7,2",1,5-10,1-2,8,70,"6,23",,6783,0,0,0,0,0,0,0,0,0,0,0,0,0,P,0,0,0,Jolly,Jolly,9,"Centrocampista moderno e molto duttile, cresciuto nell’Athletic Bilbao. Può giocare praticamente in tutte le zone del centrocampo: da trequartista, mezzala e anche mediano. È un profilo “moderno” che unisce qualità spagnola e carattere. All’Udinese può essere utile sia per dare equilibrio che per produrre gioco tra le linee. Lui stesso ha detto di voler migliorare nella finalizzazione, perché finora ha prodotto più corsa e lavoro che gol. Può essere una buona scommessa da sesto/settimo slot.",0,10,0, , ,FALSE,TRUE,,2026-08-20T09:36:19.000Z,-6
PETAGNA,Monza,MON,A,"2,4",1,2-3,1-2,6,52,"6,07",,383,0,0,0,0,0,0,0,0,0,0,0,0,0,P,0,0,0,Riserva,Riserva,"60,1", ,0,11,0, , ,FALSE,TRUE,In procinto di andare al Pisa,2026-08-20T09:36:19.000Z,-1
COLOMBO L.,Monza,MON,C,"2,7",1,3-4,1-2,8,78,"5,96",,7477,0,0,0,0,0,0,0,0,0,0,0,0,0,B,0,0,0,TitLowCost,TitLowCost,"91,8", ,0,6,0, , ,FALSE,TRUE,,2026-08-20T09:36:19.000Z,-2
GELLI F.,Frosinone,FRO,C,"2,5",1,2-4,1-2,8,52,"5,79",,6241,0,0,0,0,0,0,0,0,0,0,0,0,0,P,0,0,0,Riserva,Riserva,"97,8", ,0,9,0, , ,FALSE,TRUE,,2026-08-20T09:36:19.000Z,-2
CHAKVETADZE,Udinese,UDI,C,"2,2",1,2-3,1-2,8,61,"6,1",,7418,0,0,0,0,0,0,0,0,0,0,0,0,0,P,0,0,4,Riserva,Riserva,92,"Trequartista/mezzala offensiva (o esterno sinistro) di qualità, arrivato definitivamente dal Watford. Scommessa da quinto/sesto slot.",0,6,0, , ,FALSE,TRUE,,2026-08-20T09:36:19.000Z,-1
CICHELLA,Frosinone,FRO,C,"2,2",1,2-3,1-2,8,88,"6,01",,7473,0,0,0,0,0,0,0,0,0,0,0,0,0,T,0,0,0,TitLowCost,TitLowCost,"92,9", ,0,7,0, , ,FALSE,TRUE,,2026-08-20T09:36:19.000Z,-1
HAPS,Venezia,VEN,D,"6,6",1,5-9,1-2,8,88,"5,98",,5695,0,0,0,0,0,0,0,0,0,0,0,0,0,B,0,0,0,TitLowCost,TitLowCost,"16,1", ,0,9,0, , ,FALSE,TRUE,,2026-08-20T09:36:19.000Z,-6
PEDRAZA,Lazio,LAZ,D,8,14,6-11,11-18,5,88,"6,12",,4817,0,0,0,0,0,0,0,0,0,0,0,0,0,T,0,0,0,TitLowCost,TitLowCost,"7,5", ,0,5,0, , ,FALSE,TRUE,,2026-08-20T09:36:19.000Z,6
BIRINDELLI,Monza,MON,D,"7,6","4,3",6-10,4-6,7,90,"6,04",,5838,0,0,0,0,0,0,0,0,0,0,0,0,0,T,0,0,0,TitLowCost,TitLowCost,5,"Veloce, dinamico e abile nei cross. Ha buona tecnica di base e sa sovrapporsi con continuità. Aggressivo e resistente, è uno dei giocatori più propositivi della fascia destra. Come giocatore da ultimi slot può essere preso. Ricordandovi sempre chi il Monza lotterà per non retrocedere.",0,2,0, , ,FALSE,TRUE,,2026-08-20T09:36:19.000Z,-4
BRACAGLIA,Frosinone,FRO,D,"3,2",1,3-5,1-2,8,76,"5,88",,7469,0,0,0,0,0,0,0,0,0,0,0,0,0,P,0,0,0,TitLowCost,TitLowCost,"39,9", ,0,5,0, , ,FALSE,TRUE,,2026-08-20T09:36:19.000Z,-2
MILLA,Como,COM,C,"2,6",1,2-4,1-2,8,52,"6,06",,7412,0,0,0,0,0,0,0,0,0,0,0,0,0,P,0,0,0,Riserva,Riserva,"71,4","Sulla carta è il sostituto di Perrone. Con i tanti impegni del Como potrebbe avere spazio, ma non è un giocatore da bonus. Potete fare altre scelte. Evitabile.",0,7,0, , ,FALSE,TRUE,,2026-08-20T09:36:19.000Z,-2
OYONO A.,Frosinone,FRO,D,"3,1",1,3-4,1-2,8,92,"5,88",,6238,0,0,0,0,0,0,0,0,0,0,0,0,0,T,0,0,0,TitLowCost,TitLowCost,"30,8", ,0,2,0, , ,FALSE,TRUE,,2026-08-20T09:36:19.000Z,-2
CARBONI A.,Monza,MON,D,"2,6","3,6",2-4,3-5,7,88,"6,04",,4925,0,0,0,0,0,0,0,0,0,0,0,0,0,T,0,0,0,TitLowCost,TitLowCost,"65,6","Centrale solido e duttile, bravo nei duelli e nella costruzione.",0,4,0, , ,FALSE,TRUE,,2026-08-20T09:36:19.000Z,1
GELLI J.,Frosinone,FRO,D,"1,6",1,2-2,1-2,8,56,"5,69",,7468,0,0,0,0,0,0,0,0,0,0,0,0,0,P,0,0,0,Riserva,Riserva,"98,9", ,0,3,0, , ,FALSE,TRUE,,2026-08-20T09:36:19.000Z,-1
BAKOUNE,Monza,MON,D,"1,8",1,2-3,1-2,8,84,"5,87",,7476,0,0,0,0,0,0,0,0,0,0,0,0,0,B,0,0,0,TitLowCost,TitLowCost,"96,5", ,0,5,0, , ,FALSE,TRUE,,2026-08-20T09:36:19.000Z,-1
LAUBERBACH,Venezia,VEN,A,"1,9",1,2-3,1-2,6,52,"6,04",,7482,0,0,0,0,0,0,0,0,0,0,0,0,0,P,0,0,0,Riserva,Riserva,"89,8", ,0,10,0, , ,FALSE,TRUE,,2026-08-20T09:36:19.000Z,-1
DELLI CARRI,Monza,MON,D,"2,8",1,3-4,1-2,8,92,"5,87",,2115,0,0,0,0,0,0,0,0,0,0,0,0,0,T,0,0,0,TitLowCost,TitLowCost,"67,2", ,0,3,0, , ,FALSE,TRUE,,2026-08-20T09:36:19.000Z,-2
VIERY,Fiorentina,FIO,D,"10,5","19,1",9-13,15-24,4,92,"6,13",,7410,0,0,0,0,0,0,0,0,0,0,0,0,0,T,0,0,0,OttimoTit,OttimoTit,"3,5","Difensore centrale o terzino sinistro classe 2005, brasiliano e con un ottimo mancino. Uno dei prospetti più interessanti del Brasile e Paratici ha deciso di acquistarlo per 15 milioni di euro. La sua duttilità lo porterà a essere molto utilizzato. Scommessa.",0,4,0, , ,FALSE,TRUE,,2026-08-20T09:36:19.000Z,8
FRANJIC,Venezia,VEN,D,1,1,1-2,1-2,8,72,"5,67",,7478,0,0,0,0,0,0,0,0,0,0,0,0,0,P,0,0,0,Jolly,Jolly,"98,2", ,0,9,0, , ,FALSE,TRUE,,2026-08-20T09:36:19.000Z,0
CALVANI,Frosinone,FRO,D,"2,4",1,2-4,1-2,8,88,"5,85",,7467,0,0,0,0,0,0,0,0,0,0,0,0,0,B,0,0,0,TitLowCost,TitLowCost,"83,4", ,0,3,0, , ,FALSE,TRUE,,2026-08-20T09:36:19.000Z,-1
OYONO J.,Frosinone,FRO,D,"2,6",1,2-4,1-2,8,60,"5,69",,7470,0,0,0,0,0,0,0,0,0,0,0,0,0,P,0,0,0,Riserva,Riserva,"87,1", ,0,2,0, , ,FALSE,TRUE,,2026-08-20T09:36:19.000Z,-2
EL AZZOUZI O.,Bologna,BOL,C,"2,4",1,2-3,1-2,8,52,"5,95",,6225,0,0,0,0,0,0,0,0,0,0,0,0,0,P,0,0,0,Riserva,Riserva,"96,9", ,0,6,0, , ,FALSE,TRUE,,2026-08-20T09:36:19.000Z,-1
PIZZIGNACCO,Monza,MON,P,"1,7",1,2-2,1-2,3,20,"4,91",,6682,0,0,0,0,0,0,0,0,0,0,0,0,0,P,0,0,0,Riserva,Riserva,"88,9", ,0,1,0, , ,FALSE,TRUE,,2026-08-20T09:36:19.000Z,-1
MONTERISI,Frosinone,FRO,D,"5,5",1,4-8,1-2,8,88,"5,83",,4952,0,0,0,0,0,0,0,0,0,0,0,0,0,B,0,0,0,TitLowCost,TitLowCost,"9,3","Alto (190 cm), dominante nei duelli aerei e solido nei contrasti. Sa costruire dal basso con una certa qualità e non è solo un “distruttore”. Ha migliorato molto nella lettura delle situazioni e nella gestione della palla sotto pressione. Ottimo difensore Low cost.",0,5,0, , ,FALSE,TRUE,,2026-08-20T09:36:19.000Z,-5
ROMANO,Cagliari,CAG,C,"2,6",1,2-4,1-2,8,66,"5,97",,7311,0,0,0,0,0,0,0,0,0,0,0,0,0,P,0,10,0,Riserva,Riserva,59, ,0,7,0, , ,FALSE,TRUE,,2026-08-20T09:36:19.000Z,-2
GRANDI,Venezia,VEN,P,"1,7",1,2-2,1-2,3,10,"4,84",,6671,0,0,0,0,0,0,0,0,0,0,0,0,0,P,0,0,0,Riserva,Riserva,"93,1", ,0,1,0, , ,FALSE,TRUE,,2026-08-20T09:36:19.000Z,-1
MATTURRO,Genoa,GEN,D,2,1,2-2,1-2,8,52,"5,92",,6244,0,0,0,0,0,0,0,0,0,0,0,0,0,P,0,0,0,Riserva,Riserva,"99,6", ,0,4,0, , ,FALSE,TRUE,,2026-08-20T09:36:19.000Z,-1
SCHINGTIENNE,Venezia,VEN,D,"2,7",1,2-4,1-2,8,92,"5,81",,6892,0,0,0,0,0,0,0,0,0,0,0,0,0,T,0,0,0,TitLowCost,TitLowCost,"63,4", ,0,2,0, , ,FALSE,TRUE,,2026-08-20T09:36:19.000Z,-2
CITTADINI,Frosinone,FRO,D,"2,3",1,2-3,1-2,8,84,"5,8",,5757,0,0,0,0,0,0,0,0,0,0,0,0,0,B,0,0,0,TitLowCost,TitLowCost,"94,2", ,0,3,0, , ,FALSE,TRUE,,2026-08-20T09:36:19.000Z,-1
ABANKWAH,Udinese,UDI,D,"2,2",1,2-3,1-2,8,52,"5,87",,6021,0,0,0,0,0,0,0,0,0,0,0,0,0,P,0,0,0,Riserva,Riserva,"98,2", ,0,2,0, , ,FALSE,TRUE,,2026-08-20T09:36:19.000Z,-1
MARIN R.,Napoli,NAP,D,"3,6",1,3-5,1-2,8,68,"5,93",,6638,0,0,0,0,0,0,0,0,0,0,0,0,0,P,0,0,0,Riserva,Riserva,49, ,0,4,0, , ,FALSE,TRUE,,2026-08-20T09:36:19.000Z,-3
CIURRIA,Monza,MON,C,"2,4",1,2-3,1-2,8,72,"5,86",,5880,0,0,0,0,0,0,0,0,0,0,0,0,0,B,0,0,0,Jolly,Jolly,"87,4","Esterno/trequartista esperto, dinamico e capace di contribuire in entrambe le fasi.",0,5,0, , ,FALSE,TRUE,,2026-08-20T09:36:19.000Z,-1
PUCZKA,Genoa,GEN,D,"2,6",1,2-4,1-2,8,53,"5,86",,7413,0,0,0,0,0,0,0,0,0,0,0,0,0,P,0,0,0,Riserva,Riserva,"67,8", ,0,4,0, , ,FALSE,TRUE,,2026-08-20T09:36:19.000Z,-2
DAGASSO,Venezia,VEN,C,"2,3",1,2-4,1-2,8,52,"5,88",,7481,0,0,0,0,0,0,0,0,0,0,0,0,0,P,0,0,0,Riserva,Riserva,"93,3", ,0,7,0, , ,FALSE,TRUE,,2026-08-20T09:36:19.000Z,-1
HASA,Frosinone,FRO,C,"2,6",1,2-4,1-2,8,68,"6,04",,6903,0,0,0,0,0,0,0,0,0,0,0,0,0,P,0,0,0,Riserva,Riserva,"89,6", ,0,9,0, , ,FALSE,TRUE,,2026-08-20T09:36:19.000Z,-2
CAMARA A.,Udinese,UDI,C,"1,9",1,2-3,1-2,8,40,"5,88",,7392,0,0,0,0,0,0,0,0,0,0,0,0,0,P,0,0,0,Riserva,Riserva,"97,8", ,0,6,0, , ,FALSE,TRUE,,2026-08-20T09:36:19.000Z,-1
LOLIC,Frosinone,FRO,P,"1,7",1,2-2,1-2,3,10,"5,08",,7466,0,0,0,0,0,0,0,0,0,0,0,0,0,P,0,0,0,Riserva,Riserva,"99,1", ,0,1,0, , ,FALSE,TRUE,,2026-08-20T09:36:19.000Z,-1
LISMAN,Venezia,VEN,A,2,1,2-3,1-2,6,53,"5,78",,7408,0,0,0,0,0,0,0,0,0,0,0,0,0,P,0,0,0,Riserva,Riserva,"95,8", ,0,10,0, , ,FALSE,TRUE,,2026-08-20T09:36:19.000Z,-1
STRAJNAR,Monza,MON,P,"1,8",1,2-3,1-2,3,10,"4,88",,7475,0,0,0,0,0,0,0,0,0,0,0,0,0,P,0,0,0,Riserva,Riserva,"98,4", ,0,1,0, , ,FALSE,TRUE,,2026-08-20T09:36:19.000Z,-1
SAGRADO,Venezia,VEN,D,"3,4",1,4-4,1-2,8,52,"5,8",,6681,0,0,0,0,0,0,0,0,0,0,0,0,0,P,0,0,0,Riserva,Riserva,"97,3", ,0,5,0, , ,FALSE,TRUE,,2026-08-20T09:36:19.000Z,-2
DUNCAN,Venezia,VEN,C,"2,7",1,2-4,1-2,8,56,"5,74",,526,0,0,0,0,0,0,0,0,0,0,0,0,0,P,0,0,0,Riserva,Riserva,"97,1", ,0,6,0, , ,FALSE,TRUE,,2026-08-20T09:36:19.000Z,-2
CORRADO,Frosinone,FRO,D,"1,8",1,2-2,1-2,8,56,"5,74",,7471,0,0,0,0,0,0,0,0,0,0,0,0,0,P,0,0,0,Riserva,Riserva,"99,8", ,0,5,0, , ,FALSE,TRUE,,2026-08-20T09:36:19.000Z,-1
DAFFARA,Parma,PAR,P,"4,7",1,3-8,1-2,3,20,"4,69",,7411,0,0,0,0,0,0,0,0,0,0,0,0,0,P,0,0,0,Riserva,Riserva,"46,3",Portiere di buone qualità ma rimane il secondo per ora.,0,1,0, , ,FALSE,TRUE,,2026-08-20T09:36:19.000Z,-4
KONE B.,Frosinone,FRO,C,"3,3",1,4-4,1-2,8,52,"5,73",,5725,0,0,0,0,0,0,0,0,0,0,0,0,0,P,0,0,0,Riserva,Riserva,"99,1", ,0,7,0, , ,FALSE,TRUE,,2026-08-20T09:36:19.000Z,-2
ANTOV,Monza,MON,D,"1,8",1,1-3,1-2,8,52,"5,68",,5399,0,0,0,0,0,0,0,0,0,0,0,0,0,P,0,0,0,Riserva,Riserva,"98,2", ,0,3,0, , ,FALSE,TRUE,,2026-08-20T09:36:19.000Z,-1
AMEY,Frosinone,FRO,D,"2,6",1,3-4,1-2,8,52,"5,67",,5424,0,0,0,0,0,0,0,0,0,0,0,0,0,P,0,0,0,Riserva,Riserva,"99,1", ,0,4,0, , ,FALSE,TRUE,,2026-08-20T09:36:19.000Z,-2
LUCCHESI,Monza,MON,D,"2,2",1,2-3,1-2,8,68,"5,67",,6659,0,0,0,0,0,0,0,0,0,0,0,0,0,P,0,0,0,Riserva,Riserva,"86,7", ,0,4,0, , ,FALSE,TRUE,,2026-08-20T09:36:19.000Z,-1
GOMES,Venezia,VEN,D,"1,8",1,2-3,1-2,8,52,"5,65",,7454,0,0,0,0,0,0,0,0,0,0,0,0,0,P,0,0,0,Riserva,Riserva,"99,3", ,0,4,0, , ,FALSE,TRUE,,2026-08-20T09:36:19.000Z,-1
SVERKO,Venezia,VEN,D,"2,2",1,2-3,1-2,8,45,"5,59",,6673,0,0,0,0,0,0,0,0,0,0,0,0,0,P,0,0,8,Riserva,Riserva,"96,5", ,0,3,0, , ,FALSE,TRUE,,2026-08-20T09:36:19.000Z,-1
CORREIA T.,Venezia,VEN,D,"3,9",1,3-6,1-2,8,84,"5,87",,4845,0,0,0,0,0,0,0,0,0,0,0,0,0,B,0,0,0,TitLowCost,TitLowCost,"43,4", ,0,9,0, , ,FALSE,TRUE,,2026-08-20T09:36:19.000Z,-3
RENZETTI,Lazio,LAZ,P,"1,8",1,2-3,1-2,3,10,"5,39",,7534,0,0,0,0,0,0,0,0,0,0,0,0,0,P,0,0,0,Riserva,Riserva,"77,6", ,0,1,0, , ,FALSE,TRUE,,2026-08-20T09:36:19.000Z,-1
MORENO M.,Venezia,VEN,D,"2,3",1,2-3,1-2,8,92,"5,77",,6890,0,0,0,0,0,0,0,0,0,0,0,0,0,T,0,0,0,TitLowCost,TitLowCost,"81,8", ,0,4,0, , ,FALSE,TRUE,,2026-08-20T09:36:19.000Z,-1
PIANA,Udinese,UDI,P,"1,8",1,2-3,1-2,3,10,"5,28",,5707,0,0,0,0,0,0,0,0,0,0,0,0,0,P,0,0,0,Riserva,Riserva,"87,1", ,0,1,0, , ,FALSE,TRUE,,2026-08-20T09:36:19.000Z,-1
STOLZ,Genoa,GEN,P,"1,8",1,2-3,1-2,3,20,"4,42",,6569,0,0,0,0,0,0,0,0,0,0,0,0,0,P,0,0,0,Riserva,Riserva,84, ,0,1,0, , ,FALSE,TRUE,,2026-08-20T09:36:19.000Z,-1
POZZI,Venezia,VEN,P,"1,8",1,2-3,1-2,3,37,"5,08",,7531,0,0,0,0,0,0,0,0,0,0,0,0,0,P,0,0,0,Riserva,Riserva,"95,8", ,0,1,0, , ,FALSE,TRUE,,2026-08-20T09:36:19.000Z,-1
TRAORÈ HJ.,Genoa,GEN,C,4,"11,5",3-6,9-15,5,80,"6,47",,2857,0,0,0,0,0,0,0,0,0,0,0,0,0,B,0,0,0,TitLowCost,TitLowCost,"41,4", ,0,9,0, , ,FALSE,TRUE,,2026-08-20T09:36:19.000Z,8
STONES,Inter,INT,D,"36,2","31,2",33-41,24-39,2,92,"6,22",,2514,0,0,0,0,0,0,0,0,0,0,0,0,0,T,0,0,0,OttimoTit,OttimoTit,0, ,0,3,0, , ,FALSE,TRUE,,2026-08-20T09:36:19.000Z,-5
MANGAS,Monza,MON,D,10,"9,5",8-13,8-12,6,92,"6,06",,7485,0,0,0,0,0,0,0,0,0,0,0,0,0,T,0,0,0,TitLowCost,TitLowCost,"2,6", ,0,8,0, , ,FALSE,TRUE,,2026-08-20T09:36:19.000Z,0
DOEKHI,Lazio,LAZ,D,"16,2","20,2",14-20,16-26,4,92,"6,14",,6320,0,0,0,0,0,0,0,0,0,0,0,0,0,T,0,0,0,OttimoTit,OttimoTit,"0,6","Bisogna dire che lui potrebbe essere veramente un acquisto perfetto all'asta. Sarà titolare, verrà pagato discretamente poco e ha una propensione al bonus altissima. Nella passata stagione è stato il difensore più prolifico nei top 5 campionati Europei. Scommessa intrigantissima.",0,3,0, , ,FALSE,TRUE,,2026-08-20T09:36:19.000Z,4
PEREZ K.,Venezia,VEN,C,"2,6",1,2-4,1-2,8,78,"6,13",,6994,0,0,0,0,0,0,0,0,0,0,0,0,0,P,0,10,0,TitLowCost,TitLowCost,"64,5","Mezzala creativa e di qualità. Buona visione di gioco, capacità di creare e arrivare in zona gol. È uno dei profili più tecnici del reparto. Non sarà titolare fisso, per questo nonostante le ottime caratteristiche vi consigliamo di fare altre scelte. ",0,8,0, , ,FALSE,TRUE,,2026-08-20T09:36:19.000Z,-2
ADAMS A.,Venezia,VEN,A,"51,3","64,9",43-60,52-78,3,92,"6,58",,7484,0,0,0,0,0,0,0,0,0,0,0,0,0,T,70,0,0,OttimoTit,OttimoTit,0,"Non è un attaccante di fantasia o che lega particolarmente il gioco: preferisce attaccare la porta piuttosto che venire incontro. Rende particolarmente bene in sistemi verticali e basati sulle ripartenze. Si definisce lui stesso un ""classico numero 9"". Negli anni ha dimostrato di avere fiuto del gol e crediamo che insieme a Yeboah farà molto bene. Terzo/quarto slot.",0,11,0, , ,FALSE,TRUE,,2026-08-20T09:36:19.000Z,14
VARELA G.,Monza,MON,A,"6,4","41,5",4-9,32-52,4,88,"6,47",,7523,0,0,0,0,0,0,0,0,0,0,0,0,0,T,0,0,0,TitLowCost,TitLowCost,37, ,0,11,0, , ,FALSE,TRUE,,2026-08-20T09:36:19.000Z,36
WINKS,Cagliari,CAG,C,"3,1",1,3-5,1-2,8,78,"6,21",,4260,0,0,0,0,0,0,0,0,0,0,0,0,0,B,0,20,0,TitLowCost,TitLowCost,"35,9","Dopo anni di militanza tra Premier e Championship arriva al Cagliari e porta esperienza in mediana. Da lui non troverete bonus, più facile qualche malus. Si possono fare altre scelte. Evitabile.",0,7,0, , ,FALSE,TRUE,,2026-08-20T09:36:19.000Z,-2
OULAI,Fiorentina,FIO,C,"8,8","13,1",6-12,10-17,5,80,"6,48",,7464,0,0,0,0,0,0,0,0,0,0,0,0,0,B,0,0,0,TitLowCost,TitLowCost,"4,4","Acquisto importante a livello economico e in prospettiva. Oulai gioca centrale e nel centrocampo a 3 di Grosso si giocherà una maglia con Fagioli. I due hanno caratteristiche differenti. Fagioli ha più qualità nel passaggio, lui invece grande forza fisica ed è capace a ribaltare con velocità le azioni da difensive in offensive.",0,7,0, , ,FALSE,TRUE,,2026-08-20T09:36:19.000Z,4
DESPLANCHES,Frosinone,FRO,P,"2,1",1,2-3,1-2,2,82,"4,42",,7463,0,0,0,0,0,0,0,0,0,0,0,0,0,B,0,0,0,TitLowCost,TitLowCost,"58,3", ,0,1,0, , ,FALSE,TRUE,,2026-08-20T09:36:19.000Z,-1
MASCARDI,Torino,TOR,P,"2,3",1,2-3,1-2,3,10,"4,75",,7457,0,0,0,0,0,0,0,0,0,0,0,0,0,P,0,0,0,Riserva,Riserva,"66,1", ,0,1,0, , ,FALSE,TRUE,,2026-08-20T09:36:19.000Z,-1
HAPPONEN,Bologna,BOL,P,"1,9",1,2-3,1-2,3,10,5,,7533,0,0,0,0,0,0,0,0,0,0,0,0,0,P,0,0,0,Riserva,Riserva,"77,8", ,0,1,0, , ,FALSE,TRUE,,2026-08-20T09:36:19.000Z,-1
ALHASSANE,Bologna,BOL,D,"2,7",1,3-4,1-2,8,60,"5,9",,7483,0,0,0,0,0,0,0,0,0,0,0,0,0,P,0,0,0,Riserva,Riserva,"97,1", ,0,5,0, , ,FALSE,TRUE,,2026-08-20T09:36:19.000Z,-2
DE MARZI,Roma,ROM,P,"1,8",1,2-3,1-2,3,10,"5,42",,7048,0,0,0,0,0,0,0,0,0,0,0,0,0,P,0,0,0,Riserva,Riserva,"40,8", ,0,1,0, , ,FALSE,TRUE,,2026-08-20T09:36:19.000Z,-1
KOFLER,Cagliari,CAG,D,"2,3",1,2-3,1-2,8,52,"5,89",,7532,0,0,0,0,0,0,0,0,0,0,0,0,0,P,0,0,0,Riserva,Riserva,"90,7", ,0,3,0, , ,FALSE,TRUE,,2026-08-20T09:36:19.000Z,-1
COMERT,Torino,TOR,D,"3,2",1,3-5,1-2,8,52,"5,93",,7526,0,0,0,0,0,0,0,0,0,0,0,0,0,P,0,0,0,Riserva,Riserva,"48,1", ,0,3,0, , ,FALSE,TRUE,,2026-08-20T09:36:19.000Z,-2
AMONDARAIN,Bologna,BOL,C,"3,2",1,3-5,1-2,8,64,"6,08",,7528,0,0,0,0,0,0,0,0,0,0,0,0,0,P,0,0,0,Riserva,Riserva,"71,8", ,0,7,0, , ,FALSE,TRUE,,2026-08-20T09:36:19.000Z,-2
FITZ-JIM,Torino,TOR,C,"4,6",1,3-7,1-2,8,84,"6,26",,7535,0,0,0,0,0,0,0,0,0,0,0,0,0,T,0,0,0,TitLowCost,TitLowCost,"19,7", ,0,7,0, , ,FALSE,TRUE,,2026-08-20T09:36:19.000Z,-4
EL AZZOUZI A.,Frosinone,FRO,C,"2,5",1,2-4,1-2,8,52,"5,71",,7456,0,0,0,0,0,0,0,0,0,0,0,0,0,P,0,0,0,Riserva,Riserva,"96,5", ,0,6,0, , ,FALSE,TRUE,,2026-08-20T09:36:19.000Z,-2
KOLO MUANI,Juventus,JUV,A,"277,6","283,5",259-298,256-312,1,92,"7,24",,5951,0,0,0,0,0,0,0,0,0,0,0,0,0,T,60,0,0,Semi-Top,Semi-Top,0,Finalmente la Juventus è riuscita a riprendere Kolo Muani. Il giocatore non vedeva l'ora di tornare e noi di riaverlo al fantacalcio. Con la speranza che riesca a riscattare l'ultima stagione negativa in premier.,0,11,0, , ,FALSE,TRUE,,2026-08-20T09:36:19.000Z,6
ALAJBEGOVIC,Juventus,JUV,C,"84,1","94,4",78-92,76-114,1,88,"6,98",,7436,0,0,0,0,0,0,0,0,0,0,0,0,0,T,0,0,0,Semi-Top,Semi-Top,0,Giocatore di grandissimo talento e prospettiva. La Juventus ha deciso di puntarci per il presente e il futuro. Avrà tanto spazio nonostante la giovane età. Listato centrocampista è da considerarsi un Semitop.,0,9,0, , ,FALSE,TRUE,,2026-08-20T09:36:19.000Z,10
BOWIE,Sassuolo,SAS,A,"22,7",74,17-30,60-89,3,88,"6,69",,7347,0,0,0,0,"5,96","6,79","3684,21",0,0,0,0,0,0,T,0,0,0,OttimoTit,OttimoTit,"0,6",Lo scorso anno ha dimostrato di poterci stare benissimo in Serie A. Nel Sassuolo crediamo possa fare bene. ,0,10,0, , ,FALSE,FALSE,,2026-08-20T09:36:19.000Z,51
VALDEPENAS,Fiorentina,FIO,D,"24,8",21,21-29,16-27,3,90,"6,16",,7294,0,0,0,0,0,0,0,0,0,0,0,0,0,T,0,0,0,OttimoTit,OttimoTit,"1,1", ,0,5,0, , ,FALSE,TRUE,,2026-08-20T09:36:19.000Z,-4
GEUBBELS,Lecce,LEC,A,"26,8","53,5",21-34,43-65,3,88,"6,56",,5029,0,0,0,0,0,0,0,0,0,0,0,0,0,B,70,0,0,OttimoTit,OttimoTit,0, ,0,10,0, , ,FALSE,TRUE,,2026-08-20T09:36:19.000Z,27
VISMARA,Atalanta,ATA,P,"1,8",1,2-3,1-2,3,10,"5,17",,7545,0,0,0,0,0,0,0,0,0,0,0,0,0,P,0,0,0,Riserva,Riserva,"49,2", ,0,1,0, , ,FALSE,TRUE,,2026-08-20T09:36:19.000Z,-1
AKINSANMIRO,Monza,MON,C,3,1,3-4,1-2,8,88,"5,97",,6593,0,0,0,0,"5,8","5,8","6052,63",0,0,0,0,0,0,B,0,10,0,TitLowCost,TitLowCost,"45,2","Lo scorso anno ha fatto intravedere le sue qualità nel Pisa. Il Monza ha deciso di acquistarlo dall'Inter e crediamo che ha fatto bene. Non un giocatore da tanti bonus, ma qualcuno potrebbe portarvelo. Centrocampista da ultimi slot per completare il reparto.",0,6,0, , ,FALSE,FALSE,,2026-08-20T09:36:19.000Z,-2
DIALLO O.,Parma,PAR,C,"2,9",1,3-4,1-2,8,78,"6,3",,7536,0,0,0,0,0,0,0,0,0,0,0,0,0,P,0,0,0,TitLowCost,TitLowCost,"78,5", ,0,10,0, , ,FALSE,TRUE,,2026-08-20T09:36:19.000Z,-2
PAVARD,Inter,INT,D,"5,3",1,4-8,1-2,8,60,"6,02",,4177,"3859,65",0,0,0,"6,5","6,5","263,16",0,0,0,0,0,0,P,0,0,0,Riserva,Riserva,"27,5", ,0,2,0, , ,FALSE,TRUE,,2026-08-20T09:36:19.000Z,-4
KOULIERAKIS,Roma,ROM,D,"18,8",1,15-23,1-2,8,70,"6,09",,7529,0,0,0,0,0,0,0,0,0,0,0,0,0,P,0,0,0,Jolly,Jolly,"1,3", ,0,4,0, , ,FALSE,TRUE,,2026-08-20T09:36:19.000Z,-18
SOW,Genoa,GEN,C,"4,7",1,4-7,1-2,7,90,"6,23",,5946,0,0,0,0,0,0,0,0,0,0,0,0,0,T,0,0,0,TitLowCost,TitLowCost,"22,3", ,0,6,0, , ,FALSE,TRUE,,2026-08-20T09:36:19.000Z,-4
COUTO,Como,COM,D,"37,2","27,6",33-42,21-35,3,92,"6,2",,6727,0,0,0,0,0,0,0,0,0,0,0,0,0,T,0,0,0,OttimoTit,OttimoTit,"2,6","In carriera ha giocato in diversi club importanti, ha fatto anche vedere ottime cose e crediamo che ora con Fabregas sboccerà definitivamente. Su quella fascia il posto è il suo e crediamo che possa portare diversi bonus.",0,2,0, , ,FALSE,TRUE,,2026-08-20T09:36:19.000Z,-9
AKPOGUMA,Frosinone,FRO,D,"2,2",1,2-3,1-2,8,92,"5,87",,7540,0,0,0,0,0,0,0,0,0,0,0,0,0,T,0,0,0,TitLowCost,TitLowCost,"87,8", ,0,4,0, , ,FALSE,TRUE,,2026-08-20T09:36:19.000Z,-1
MITAJ,Genoa,GEN,D,"3,8","5,9",3-6,5-8,7,78,"6,13",,7537,0,0,0,0,0,0,0,0,0,0,0,0,0,B,0,0,0,TitLowCost,TitLowCost,"47,6",Sarà lui il titolare sull'out di sinistra. Può essere un buon acquisto come 4/5 slot. Batte anche qualche calcio piazzato e questo può risultare interessante.,0,8,0, , ,FALSE,TRUE,,2026-08-20T09:36:19.000Z,2
SATALINO,Sassuolo,SAS,P,"1,8",1,1-3,1-2,3,45,"4,5",,2127,0,0,0,0,0,0,0,0,0,0,0,0,0,P,0,0,0,Jolly,Jolly,"98,4", ,0,1,0, , ,FALSE,FALSE,,2026-08-20T09:36:19.000Z,-1
HALHAL,Venezia,VEN,D,"2,5",1,2-4,1-2,8,52,"5,59",,7538,0,0,0,0,0,0,0,0,0,0,0,0,0,P,0,0,0,Riserva,Riserva,"83,1", ,0,2,0, , ,FALSE,TRUE,,2026-08-20T09:36:19.000Z,-2
TOURÈ E.,Parma,PAR,A,"40,4",56,33-49,45-68,3,90,"6,56",,6229,0,0,0,0,0,0,0,0,0,0,0,0,0,T,70,0,0,OttimoTit,OttimoTit,3, ,0,10,0, , ,FALSE,TRUE,,2026-08-20T09:36:19.000Z,16
BUKSA,Udinese,UDI,A,"2,2",1,2-3,1-2,6,52,"6,36",,7249,0,0,0,0,"5,88","6,24","5526,32",0,0,0,0,0,0,P,0,0,0,Riserva,Riserva,"55,4", ,0,11,0, , ,FALSE,FALSE,,2026-08-20T09:36:19.000Z,-1
MASTANTUONO,Fiorentina,FIO,C,"96,2","85,7",89-104,69-103,2,92,"6,84",,7078,0,0,0,0,0,0,0,0,0,0,0,0,0,T,10,20,0,OttimoTit,OttimoTit,"2,8","Classe cristallina, eleganza pura. Vuole dimostrare che il Real Madrid lo scorso anno non ha sbagliato a puntare su di lui. Firenze potrebbe essere la piazza perfetta per il suo rilancio.",0,9,0, , ,FALSE,TRUE,,2026-08-20T09:36:19.000Z,-10
ROBINSON J.,Monza,MON,A,"2,3",1,2-3,1-2,6,58,"5,81",,7546,0,0,0,0,0,0,0,0,0,0,0,0,0,P,0,0,0,Riserva,Riserva,80, ,0,8,0, , ,FALSE,TRUE,,2026-08-20T09:36:19.000Z,-1
PELLEGRINI LO.,Roma,ROM,C,"7,7",1,5-11,1-2,7,74,"6,41",,530,"6842,11","6,022","6,574","7210,53","6,04","6,58","6315,79",0,0,0,0,0,0,P,10,20,0,Jolly,Jolly,"17,9", ,0,10,0, , ,FALSE,FALSE,,2026-08-20T09:36:19.000Z,-7
CHALOBAH T.,Como,COM,D,36,"30,2",32-41,23-38,3,92,"6,22",,5641,0,0,0,0,0,0,0,0,0,0,0,0,0,T,0,0,0,OttimoTit,OttimoTit,"10,4",Il Como per lui ha fatto un grande investimento per aumentare il livello della difesa. Sarà lui il titolare e venendo dalla Premier crediamo possa fare molto bene in Serie A.,0,3,0, , ,FALSE,TRUE,,2026-08-20T09:36:19.000Z,-6
KEVIN CARLOS,Cagliari,CAG,A,"28,2","33,7",22-36,26-43,4,86,"6,44",,7547,0,0,0,0,0,0,0,0,0,0,0,0,0,B,30,0,0,TitLowCost,TitLowCost,"13,7", ,0,11,0, , ,FALSE,TRUE,,2026-08-20T09:36:19.000Z,6
AURELIO,Cagliari,CAG,D,"2,3",5,2-4,4-7,7,74,"6,16",,7548,0,0,0,0,0,0,0,0,0,0,0,0,0,P,0,0,0,Jolly,Jolly,"98,2", ,0,9,0, , ,FALSE,TRUE,,2026-08-20T09:36:19.000Z,3
MOLINA N.,Roma,ROM,D,"76,1","57,1",69-84,43-72,1,92,"6,41",,4998,0,0,0,0,0,0,0,0,0,0,0,0,0,T,0,0,0,Semi-Top,Semi-Top,"21,9","Crediamo che sia perfetto per le caratteristiche di gioco della Roma. Porta esperienza, qualità e crediamo anche qualche bonus.",0,5,0, , ,FALSE,TRUE,,2026-08-20T09:36:19.000Z,-19
SCHMID,Frosinone,FRO,C,"10,1","6,7",8-14,6-9,6,84,"6,37",,7551,0,0,0,0,0,0,0,0,0,0,0,0,0,B,0,0,0,TitLowCost,TitLowCost,27,"Centrocampista offensivo dotato di ottima tecnica. Uomo assist più che uomo gol, ma potrebbe essere una scommessa low cost molto interessante.",0,9,0, , ,FALSE,TRUE,,2026-08-20T09:36:19.000Z,-3
GRILLITSCH,Frosinone,FRO,C,"2,5",1,2-4,1-2,8,80,"5,97",,7550,0,0,0,0,0,0,0,0,0,0,0,0,0,P,0,0,0,TitLowCost,TitLowCost,72, ,0,6,0, , ,FALSE,TRUE,,2026-08-20T09:36:19.000Z,-2
PENEV,Lecce,LEC,P,"1,9",1,2-3,1-2,3,20,5,,7557,0,0,0,0,0,0,0,0,0,0,0,0,0,P,0,0,0,Riserva,Riserva,"92,9", ,0,1,0, , ,FALSE,TRUE,,2026-08-20T09:36:19.000Z,-1
OBRADOR,Sassuolo,SAS,D,"8,3","16,9",6-11,13-22,4,88,"6,15",,7329,0,0,0,0,"6,06","6,41","4210,53",0,0,0,0,0,0,T,0,0,0,OttimoTit,OttimoTit,"44,3", ,0,5,0, , ,FALSE,FALSE,,2026-08-20T09:36:19.000Z,9
ROMERO D.,Parma,PAR,A,"28,6","34,8",21-37,27-44,4,90,"6,4",,7554,0,0,0,0,0,0,0,0,0,0,0,0,0,T,0,0,0,TitLowCost,TitLowCost,"35,9", ,0,11,0, , ,FALSE,TRUE,,2026-08-20T09:36:19.000Z,6
TERZIC,Frosinone,FRO,D,"2,7",1,3-4,1-2,8,84,"5,92",,4375,0,0,0,0,0,0,0,0,0,0,0,0,0,B,0,0,0,TitLowCost,TitLowCost,"84,5", ,0,5,0, , ,FALSE,TRUE,,2026-08-20T09:36:19.000Z,-2
SPENCE,Inter,INT,D,"61,2","55,7",55-68,42-70,1,92,"6,4",,5982,0,0,0,0,0,0,0,0,0,0,0,0,0,T,0,0,0,Semi-Top,Semi-Top,"39,2","Finalmente l'Inter ha trovato il suo nuovo esterno destro. Caratteristiche molto diverse rispetto a Dumfries, ma giocando titolare nell'Inter, giocando da quinto ed essendo listato difensore non può che essere un Semitop.",0,5,0, , ,FALSE,TRUE,,2026-08-20T09:36:19.000Z,-5
RADUNOVIC,Cagliari,CAG,P,"1,8",1,2-3,1-2,3,10,5,,3,0,0,0,0,0,0,0,0,0,0,0,0,0,P,0,0,0,Riserva,Riserva,"94,7", ,0,1,0, , ,FALSE,TRUE,,2026-08-20T09:36:19.000Z,-1
PISSERI,Frosinone,FRO,P,"1,8",1,2-3,1-2,3,45,"4,8",,7560,0,0,0,0,0,0,0,0,0,0,0,0,0,P,0,0,0,Jolly,Jolly,"99,1", ,0,1,0, , ,FALSE,TRUE,,2026-08-20T09:36:19.000Z,-1
MILIK,Juventus,JUV,A,"2,9",1,3-4,1-2,6,51,"6,33",,2012,0,0,0,0,6,6,"526,32",0,0,0,0,0,0,P,0,0,0,Riserva,Riserva,"64,5", ,0,11,0, , ,FALSE,FALSE,,2026-08-20T09:36:19.000Z,-2
CISSÈ A.,Milan,MIL,C,"3,2",1,3-5,1-2,8,61,"6,12",,6618,0,0,0,0,0,0,0,0,0,0,0,0,0,P,0,0,0,Riserva,Riserva,"78,5", ,0,10,0, , ,FALSE,TRUE,,2026-08-20T09:36:19.000Z,-2
LONTANI,Parma,PAR,A,2,1,2-3,1-2,6,44,"5,9",,7561,0,0,0,0,0,0,0,0,0,0,0,0,0,P,0,0,0,Riserva,Riserva,84, ,0,10,0, , ,FALSE,TRUE,,2026-08-20T09:36:19.000Z,-1
FORSON O.,Monza,MON,C,"1,9",1,2-3,1-2,8,54,"5,79",,6592,0,0,0,0,0,0,0,0,0,0,0,0,0,P,0,0,0,Riserva,Riserva,"96,2", ,0,9,0, , ,FALSE,TRUE,,2026-08-20T09:36:19.000Z,-1
VICARIO,Juventus,JUV,P,107,"93,8",99-116,76-113,1,91,"5,47",,4964,0,0,0,0,0,0,0,0,0,0,0,0,0,T,0,0,0,Top,Top,"75,2",La Juventus ha finalmente il suo titolare in porta. Dopo una stagione particolare con il Totthenam è pronto a rimettersi in gioco e a dimostrare di essere un portiere importante. Semitop.,0,1,0, , ,FALSE,TRUE,,2026-08-20T09:36:19.000Z,-13
MORA,Roma,ROM,C,"74,1","80,2",63-87,65-97,2,86,"6,89",,7556,0,0,0,0,0,0,0,0,0,0,0,0,0,T,0,0,0,OttimoTit,OttimoTit,"96,5","Occhio all'hype intorno al nome, perché è giovanissimo e anche nel Porto non sempre era titolare. Talento  importante senza dubbio, ma al Fantacalcio trattatelo come scommessa. ",0,9,0, , ,FALSE,TRUE,,2026-08-20T09:36:19.000Z,6
FAVASULI,Napoli,NAP,D,2,1,1-3,1-2,8,64,6,,7563,0,0,0,0,0,0,0,0,0,0,0,0,0,P,0,0,0,Riserva,Riserva,"98,4", ,0,2,0, , ,FALSE,TRUE,,2026-08-20T09:36:19.000Z,-1
DE MARTIS,Parma,PAR,A,"1,9",1,2-3,1-2,6,48,"5,83",,7568,0,0,0,0,0,0,0,0,0,0,0,0,0,P,0,0,0,Riserva,Riserva,"98,4", ,0,11,0, , ,FALSE,TRUE,,2026-08-20T09:36:19.000Z,-1
MONTIPÒ,Venezia,VEN,P,2,1,2-3,1-2,3,82,"4,13",,4957,0,0,0,0,"6,2","4,94","9210,53",0,0,0,0,0,0,B,0,0,0,TitLowCost,TitLowCost,"98,7", ,0,1,0, , ,FALSE,FALSE,,2026-08-20T09:36:19.000Z,-1
MOREIRA,Milan,MIL,C,"56,2","75,9",44-69,61-92,2,92,"6,76",,6372,0,0,0,0,0,0,0,0,0,0,0,0,0,T,0,0,0,OttimoTit,OttimoTit,"97,9", ,0,0,0, , ,FALSE,TRUE,,2026-08-20T09:36:19.000Z,20
BLEVE,Lecce,LEC,P,0,1,0-0,1-2,3,28,5,,4468,0,0,0,0,0,0,0,0,0,0,0,0,0,P,0,0,0,Riserva,Riserva,0, ,0,0,0, , ,FALSE,TRUE,,2026-08-20T09:36:19.000Z,0
OMAR FAYED,Frosinone,FRO,D,0,1,0-0,1-2,8,52,"5,66",,7553,0,0,0,0,0,0,0,0,0,0,0,0,0,P,0,0,0,Riserva,Riserva,0, ,0,0,0, , ,FALSE,TRUE,,2026-08-20T09:36:19.000Z,0